bucket,cl_open,cl_high,cl_low,cl_close,bren_open,bren_high,bren_low,bren_close,spread_abs_bren_minus_cl,spread_pct_vs_cl
2026-03-04 16:00,74.271000,74.758000,73.664000,74.193000,81.100000,81.502000,80.716000,81.050000,6.857000,0.092421
2026-03-04 17:00,74.206000,75.240000,74.118000,75.162000,81.050000,81.792000,81.050000,81.629000,6.467000,0.086041
2026-03-04 18:00,75.174000,75.240000,74.721000,74.876000,81.677000,81.804000,81.345000,81.440000,6.564000,0.087665
2026-03-04 19:00,74.862000,74.862000,74.373000,74.559000,81.470000,81.470000,80.981000,81.214000,6.655000,0.089258
2026-03-04 20:00,74.568000,75.430000,74.568000,75.388000,81.222000,81.946000,81.222000,81.612000,6.224000,0.082560
2026-03-04 21:00,75.369000,76.276000,75.304000,76.073000,81.782000,82.570000,81.782000,82.570000,6.497000,0.085405
2026-03-04 22:00,76.054000,76.465000,75.545000,75.767000,81.904000,82.849000,81.798000,82.842000,7.075000,0.093378
2026-03-04 23:00,75.829000,76.120000,75.781000,75.910000,82.609000,82.609000,82.320000,82.325000,6.415000,0.084508
2026-03-05 00:00,75.923000,75.923000,75.488000,75.706000,82.337000,82.337000,82.081000,82.205000,6.499000,0.085845
2026-03-05 01:00,75.706000,76.999000,75.706000,76.973000,82.293000,83.521000,82.281000,83.086000,6.113000,0.079417
2026-03-05 02:00,76.999000,77.466000,76.818000,77.451000,83.426000,83.861000,83.286000,83.828000,6.377000,0.082336
2026-03-05 03:00,77.430000,77.430000,76.950000,77.046000,83.762000,83.803000,83.472000,83.681000,6.635000,0.086117
2026-03-05 04:00,77.051000,77.602000,77.001000,77.323000,83.703000,84.153000,83.703000,83.947000,6.624000,0.085667
2026-03-05 05:00,77.353000,78.103000,77.303000,77.760000,84.027000,84.755000,84.005000,84.411000,6.651000,0.085532
2026-03-05 06:00,77.724000,77.826000,76.153000,76.674000,84.377000,84.440000,82.403000,83.218000,6.544000,0.085348
2026-03-05 07:00,76.713000,77.354000,76.652000,77.213000,83.267000,84.138000,83.257000,83.784000,6.571000,0.085102
2026-03-05 08:00,77.172000,77.720000,76.900000,77.059000,83.788000,84.312000,83.561000,83.592000,6.533000,0.084779
2026-03-05 09:00,77.057000,77.181000,74.996000,76.313000,83.532000,83.566000,81.644000,82.982000,6.669000,0.087390
2026-03-05 10:00,76.367000,76.652000,76.112000,76.449000,82.893000,83.093000,82.501000,83.008000,6.559000,0.085796
2026-03-05 11:00,76.459000,77.182000,76.305000,77.075000,82.956000,83.645000,82.811000,83.570000,6.495000,0.084269
2026-03-05 12:00,77.054000,77.489000,76.661000,77.206000,83.532000,83.688000,83.106000,83.501000,6.295000,0.081535
2026-03-05 13:00,77.188000,77.342000,76.603000,77.096000,83.477000,83.683000,82.840000,83.543000,6.447000,0.083623
2026-03-05 14:00,77.078000,78.353000,76.827000,77.934000,83.491000,84.312000,83.309000,83.842000,5.908000,0.075808
2026-03-05 15:00,77.923000,79.066000,77.631000,78.598000,83.771000,84.651000,83.609000,84.075000,5.477000,0.069684
2026-03-05 16:00,78.653000,79.957000,78.311000,79.203000,84.079000,84.959000,83.761000,84.360000,5.157000,0.065111
2026-03-05 17:00,79.135000,79.802000,78.804000,79.653000,84.313000,84.810000,83.879000,84.775000,5.122000,0.064304
2026-03-05 18:00,79.621000,81.140000,79.062000,80.896000,84.641000,85.770000,84.234000,85.241000,4.345000,0.053711
2026-03-05 19:00,80.797000,81.704000,80.582000,81.567000,85.167000,86.000000,85.140000,85.976000,4.409000,0.054054
2026-03-05 20:00,81.567000,82.082000,79.329000,79.802000,85.998000,86.323000,84.273000,84.689000,4.887000,0.061239
2026-03-05 21:00,79.800000,79.968000,78.549000,78.878000,84.702000,84.795000,83.594000,84.062000,5.184000,0.065722
2026-03-05 22:00,78.923000,80.440000,78.851000,80.416000,84.113000,86.037000,83.303000,83.975000,3.559000,0.044257
2026-03-05 23:00,80.384000,80.415000,78.865000,79.477000,83.918000,84.700000,83.901000,84.485000,5.008000,0.063012
2026-03-06 00:00,79.417000,79.565000,78.554000,78.717000,84.420000,84.600000,83.500000,83.686000,4.969000,0.063125
2026-03-06 01:00,78.680000,79.923000,78.249000,79.873000,83.683000,84.502000,83.201000,84.483000,4.610000,0.057717
2026-03-06 02:00,79.880000,79.912000,79.222000,79.696000,84.493000,84.503000,83.888000,84.307000,4.611000,0.057857
2026-03-06 03:00,79.731000,80.244000,79.534000,80.132000,84.287000,84.635000,84.213000,84.495000,4.363000,0.054448
2026-03-06 04:00,80.112000,80.163000,79.842000,80.108000,84.457000,84.460000,84.207000,84.441000,4.333000,0.054089
2026-03-06 05:00,80.108000,80.518000,79.758000,80.427000,84.559000,85.004000,84.271000,84.932000,4.505000,0.056014
2026-03-06 06:00,80.407000,81.009000,80.289000,80.745000,84.893000,85.429000,84.855000,85.250000,4.505000,0.055793
2026-03-06 07:00,80.805000,81.178000,80.323000,81.175000,85.190000,85.595000,84.754000,85.538000,4.363000,0.053748
2026-03-06 08:00,81.137000,81.600000,80.888000,81.185000,85.505000,85.971000,85.173000,85.310000,4.125000,0.050810
2026-03-06 09:00,81.070000,84.734000,80.963000,84.585000,85.243000,87.577000,85.026000,87.453000,2.868000,0.033907
2026-03-06 10:00,84.550000,84.585000,83.485000,83.868000,87.398000,87.453000,86.639000,86.995000,3.127000,0.037285
2026-03-06 11:00,83.858000,86.140000,83.814000,86.001000,87.070000,89.419000,87.047000,89.411000,3.410000,0.039651
2026-03-06 12:00,86.006000,86.489000,85.127000,85.880000,89.197000,89.598000,88.787000,89.180000,3.300000,0.038426
2026-03-06 13:00,85.856000,87.590000,84.700000,87.212000,89.111000,90.425000,87.801000,89.869000,2.657000,0.030466
2026-03-06 14:00,87.191000,89.489000,86.764000,88.486000,89.862000,92.058000,89.702000,91.553000,3.067000,0.034661
2026-03-06 15:00,88.439000,89.250000,87.192000,88.429000,91.554000,92.463000,90.561000,90.965000,2.536000,0.028678
2026-03-06 16:00,88.469000,89.700000,87.701000,89.623000,90.953000,92.021000,90.267000,91.999000,2.376000,0.026511
2026-03-06 17:00,89.689000,92.112000,88.940000,91.985000,91.920000,93.707000,91.185000,93.481000,1.496000,0.016264
2026-03-06 18:00,91.997000,92.041000,89.109000,91.400000,93.351000,93.524000,91.219000,93.524000,2.124000,0.023239
2026-03-06 19:00,91.425000,91.425000,89.950000,91.061000,93.456000,93.456000,91.599000,92.201000,1.140000,0.012519
2026-03-06 20:00,91.057000,91.103000,90.228000,90.692000,92.184000,92.236000,91.575000,91.839000,1.147000,0.012647
2026-03-06 21:00,90.678000,91.419000,90.451000,91.121000,91.858000,92.813000,91.748000,92.654000,1.533000,0.016824
2026-03-06 22:00,91.121000,91.188000,88.600000,89.572000,92.701000,93.136000,91.810000,92.357000,2.785000,0.031092
2026-03-06 23:00,89.512000,90.360000,88.455000,89.721000,92.297000,92.368000,88.555000,90.778000,1.057000,0.011781
2026-03-07 00:00,89.721000,90.810000,89.604000,89.944000,91.050000,93.059000,90.052000,91.803000,1.859000,0.020668
2026-03-07 01:00,89.944000,90.700000,89.500000,89.576000,91.934000,92.612000,91.800000,92.007000,2.431000,0.027139
2026-03-07 02:00,89.576000,90.193000,89.316000,89.744000,91.879000,91.991000,89.204000,91.306000,1.562000,0.017405
2026-03-07 03:00,89.672000,90.534000,89.571000,89.649000,91.224000,91.600000,90.000000,90.000000,0.351000,0.003915
2026-03-07 04:00,89.655000,93.437000,89.637000,92.151000,90.000000,93.200000,90.000000,93.200000,1.049000,0.011383
2026-03-07 05:00,92.151000,92.970000,91.359000,92.684000,93.200000,93.805000,91.617000,93.800000,1.116000,0.012041
2026-03-07 06:00,92.684000,93.506000,92.142000,92.287000,93.321000,95.000000,92.460000,93.690000,1.403000,0.015203
2026-03-07 07:00,92.287000,93.592000,91.715000,92.972000,93.689000,94.617000,93.151000,94.473000,1.501000,0.016145
2026-03-07 08:00,93.040000,93.777000,91.400000,93.501000,94.473000,94.500000,93.000000,94.337000,0.836000,0.008941
2026-03-07 09:00,93.498000,93.583000,91.434000,91.760000,94.381000,94.635000,93.560000,93.987000,2.227000,0.024270
2026-03-07 10:00,91.764000,92.280000,90.014000,92.207000,94.003000,94.485000,92.100000,93.446000,1.239000,0.013437
2026-03-07 11:00,92.271000,92.299000,90.000000,90.733000,93.523000,93.533000,90.980000,92.091000,1.358000,0.014967
2026-03-07 12:00,90.820000,92.928000,90.703000,91.773000,92.088000,93.221000,91.999000,92.688000,0.915000,0.009970
2026-03-07 13:00,91.847000,92.700000,91.118000,91.848000,92.699000,93.600000,92.440000,93.213000,1.365000,0.014862
2026-03-07 14:00,91.848000,92.250000,91.000000,91.249000,93.459000,93.951000,92.401000,92.852000,1.603000,0.017567
2026-03-07 15:00,91.290000,91.964000,91.000000,91.311000,92.856000,94.220000,92.820000,93.672000,2.361000,0.025857
2026-03-07 16:00,91.311000,91.658000,90.100000,90.913000,93.616000,94.000000,91.241000,91.697000,0.784000,0.008624
2026-03-07 17:00,90.913000,91.836000,90.464000,90.827000,91.694000,92.529000,91.601000,91.692000,0.865000,0.009524
2026-03-07 18:00,90.854000,91.425000,90.400000,91.307000,91.686000,92.995000,91.607000,92.633000,1.326000,0.014522
2026-03-07 19:00,91.345000,93.690000,91.100000,93.093000,92.633000,94.756000,91.845000,93.938000,0.845000,0.009077
2026-03-07 20:00,93.093000,93.333000,91.820000,92.731000,93.938000,95.400000,93.810000,94.689000,1.958000,0.021115
2026-03-07 21:00,92.735000,93.799000,92.400000,93.024000,94.640000,95.767000,94.100000,95.120000,2.096000,0.022532
2026-03-07 22:00,93.025000,94.671000,92.925000,94.240000,95.040000,96.281000,95.040000,96.269000,2.029000,0.021530
2026-03-07 23:00,94.102000,95.203000,94.020000,94.350000,96.272000,96.999000,95.400000,95.608000,1.258000,0.013333
2026-03-08 00:00,94.349000,95.615000,94.200000,95.010000,95.605000,97.190000,95.589000,97.128000,2.118000,0.022292
2026-03-08 01:00,95.010000,95.799000,94.500000,95.422000,97.188000,97.319000,96.533000,97.216000,1.794000,0.018801
2026-03-08 02:00,95.422000,95.833000,95.031000,95.829000,97.216000,97.499000,97.076000,97.499000,1.670000,0.017427
2026-03-08 03:00,95.682000,95.833000,95.433000,95.520000,97.500000,97.513000,97.500000,97.507000,1.987000,0.020802
2026-03-08 04:00,95.520000,95.833000,95.433000,95.738000,97.501000,97.513000,97.470000,97.470000,1.732000,0.018091
2026-03-08 05:00,95.736000,95.833000,95.710000,95.833000,97.504000,97.513000,97.470000,97.513000,1.680000,0.017530
2026-03-08 06:00,95.833000,95.833000,95.710000,95.788000,97.513000,97.513000,97.470000,97.511000,1.723000,0.017988
2026-03-08 07:00,95.788000,95.833000,95.517000,95.614000,97.513000,97.513000,97.363000,97.363000,1.749000,0.018292
2026-03-08 08:00,95.641000,95.833000,94.541000,94.729000,97.375000,97.513000,97.363000,97.513000,2.784000,0.029389
2026-03-08 09:00,94.632000,95.832000,94.274000,94.274000,97.513000,97.513000,97.004000,97.004000,2.730000,0.028958
2026-03-08 10:00,94.274000,95.800000,92.423000,94.847000,97.005000,97.513000,95.940000,97.287000,2.440000,0.025726
2026-03-08 11:00,94.752000,95.660000,94.064000,95.203000,97.287000,97.340000,96.200000,96.801000,1.598000,0.016785
2026-03-08 12:00,95.196000,95.700000,94.650000,95.563000,97.119000,97.230000,96.129000,97.230000,1.667000,0.017444
2026-03-08 13:00,95.633000,95.830000,94.926000,95.054000,97.229000,97.513000,97.179000,97.380000,2.326000,0.024470
2026-03-08 14:00,95.054000,95.500000,94.507000,95.212000,97.380000,97.440000,96.889000,97.000000,1.788000,0.018779
2026-03-08 15:00,95.212000,95.400000,94.400000,94.862000,97.000000,97.513000,96.552000,96.560000,1.698000,0.017900
2026-03-08 16:00,94.862000,95.327000,94.660000,95.083000,96.908000,97.513000,96.570000,97.376000,2.293000,0.024116
2026-03-08 17:00,95.083000,95.812000,94.960000,95.777000,97.364000,97.513000,97.020000,97.513000,1.736000,0.018125
2026-03-08 18:00,95.777000,95.833000,95.652000,95.833000,97.513000,97.513000,97.210000,97.441000,1.608000,0.016779
2026-03-08 19:00,95.833000,95.833000,95.833000,95.833000,97.330000,97.513000,97.307000,97.513000,1.680000,0.017530
2026-03-08 20:00,95.833000,95.833000,95.367000,95.833000,97.513000,97.513000,97.513000,97.513000,1.680000,0.017530
2026-03-08 21:00,95.833000,95.833000,95.640000,95.833000,97.513000,97.513000,97.403000,97.505000,1.672000,0.017447
2026-03-08 22:00,95.833000,111.530000,95.831000,106.010000,97.514000,110.000000,97.514000,106.560000,0.550000,0.005188
2026-03-08 23:00,106.060000,107.820000,103.940000,107.230000,106.560000,107.980000,105.200000,107.800000,0.570000,0.005316
2026-03-09 00:00,107.270000,109.470000,105.880000,107.670000,107.640000,109.900000,106.500000,108.310000,0.640000,0.005944
2026-03-09 01:00,107.580000,113.760000,107.300000,113.150000,108.320000,114.180000,107.150000,113.850000,0.700000,0.006186
2026-03-09 02:00,113.230000,118.000000,110.860000,112.850000,113.660000,117.580000,112.140000,113.710000,0.860000,0.007621
2026-03-09 03:00,112.750000,115.340000,109.540000,114.590000,113.600000,115.910000,111.100000,115.200000,0.610000,0.005323
2026-03-09 04:00,114.510000,115.640000,113.550000,114.530000,115.060000,116.000000,114.100000,114.940000,0.410000,0.003580
2026-03-09 05:00,114.530000,114.640000,102.400000,103.450000,114.880000,115.040000,103.820000,104.400000,0.950000,0.009183
2026-03-09 06:00,103.550000,106.650000,99.463000,103.910000,104.220000,108.540000,102.480000,106.970000,3.060000,0.029449
2026-03-09 07:00,103.870000,103.890000,100.280000,102.500000,106.900000,106.900000,102.590000,105.680000,3.180000,0.031024
2026-03-09 08:00,102.500000,104.860000,101.180000,102.710000,105.610000,107.350000,104.320000,105.560000,2.850000,0.027748
2026-03-09 09:00,102.680000,104.090000,93.357000,100.180000,105.490000,106.040000,99.000000,102.340000,2.160000,0.021561
2026-03-09 10:00,100.180000,103.080000,99.771000,102.500000,102.330000,105.440000,102.110000,104.280000,1.780000,0.017366
2026-03-09 11:00,102.500000,102.890000,100.390000,101.000000,104.200000,104.420000,102.450000,102.990000,1.990000,0.019703
2026-03-09 12:00,101.020000,102.530000,98.732000,101.210000,102.910000,103.770000,100.700000,102.610000,1.400000,0.013833
2026-03-09 13:00,101.230000,101.230000,96.316000,98.465000,102.500000,102.540000,98.894000,100.530000,2.065000,0.020972
2026-03-09 14:00,98.540000,103.700000,98.172000,99.498000,100.460000,104.820000,99.946000,101.370000,1.872000,0.018814
2026-03-09 15:00,99.568000,99.696000,94.101000,95.072000,101.350000,101.560000,95.946000,96.965000,1.893000,0.019911
2026-03-09 16:00,95.082000,96.539000,92.830000,94.255000,96.968000,98.845000,96.871000,98.241000,3.986000,0.042290
2026-03-09 17:00,94.283000,95.609000,93.814000,94.399000,98.141000,99.273000,97.504000,98.107000,3.708000,0.039280
2026-03-09 18:00,94.372000,94.544000,90.930000,94.202000,98.084000,98.119000,94.899000,97.756000,3.554000,0.037727
2026-03-09 19:00,94.167000,94.466000,80.146000,85.726000,97.778000,97.937000,81.424000,88.221000,2.495000,0.029104
2026-03-09 20:00,85.578000,88.560000,82.400000,84.567000,88.263000,91.090000,85.115000,87.683000,3.116000,0.036847
2026-03-09 21:00,84.510000,87.938000,84.173000,84.439000,87.705000,89.276000,86.364000,87.357000,2.918000,0.034557
2026-03-09 22:00,84.285000,89.635000,84.058000,87.228000,87.438000,91.938000,86.532000,90.145000,2.917000,0.033441
2026-03-09 23:00,87.228000,89.266000,86.488000,87.760000,90.460000,92.262000,89.631000,91.191000,3.431000,0.039095
2026-03-10 00:00,87.766000,88.256000,84.285000,85.875000,91.045000,91.373000,87.470000,88.918000,3.043000,0.035435
2026-03-10 01:00,85.864000,86.023000,83.487000,83.958000,88.891000,89.001000,86.364000,86.877000,2.919000,0.034767
2026-03-10 02:00,83.968000,87.952000,83.913000,87.717000,86.982000,90.806000,86.732000,90.620000,2.903000,0.033095
2026-03-10 03:00,87.712000,90.113000,87.112000,88.637000,90.609000,92.636000,90.165000,91.664000,3.027000,0.034151
2026-03-10 04:00,88.595000,89.801000,88.396000,89.203000,91.709000,92.794000,91.372000,92.360000,3.157000,0.035391
2026-03-10 05:00,89.162000,89.205000,86.331000,88.030000,92.331000,92.430000,89.896000,91.390000,3.360000,0.038169
2026-03-10 06:00,88.017000,89.135000,86.825000,88.834000,91.365000,92.245000,90.290000,91.855000,3.021000,0.034007
2026-03-10 07:00,88.841000,89.041000,84.600000,84.943000,91.901000,92.119000,86.977000,87.545000,2.602000,0.030632
2026-03-10 08:00,84.963000,87.800000,84.459000,87.716000,87.499000,90.865000,87.115000,90.813000,3.097000,0.035307
2026-03-10 09:00,87.736000,87.889000,84.980000,85.992000,90.869000,90.895000,87.347000,88.659000,2.667000,0.031015
2026-03-10 10:00,86.027000,88.940000,85.849000,87.463000,88.647000,91.071000,88.504000,89.813000,2.350000,0.026869
2026-03-10 11:00,87.499000,88.518000,85.220000,87.772000,89.792000,90.884000,87.300000,90.391000,2.619000,0.029839
2026-03-10 12:00,87.783000,89.744000,87.473000,88.174000,90.267000,91.960000,89.622000,90.399000,2.225000,0.025234
2026-03-10 13:00,88.237000,88.263000,86.200000,86.526000,90.273000,90.518000,88.827000,89.334000,2.808000,0.032453
2026-03-10 14:00,86.526000,87.392000,82.100000,83.500000,89.332000,90.082000,85.048000,86.488000,2.988000,0.035784
2026-03-10 15:00,83.471000,84.234000,82.170000,83.589000,86.437000,87.549000,85.159000,86.924000,3.335000,0.039898
2026-03-10 16:00,83.629000,84.997000,81.400000,81.654000,86.944000,88.165000,84.844000,85.050000,3.396000,0.041590
2026-03-10 17:00,81.653000,82.008000,76.567000,79.649000,85.004000,85.449000,80.200000,83.282000,3.633000,0.045613
2026-03-10 18:00,79.615000,86.229000,79.085000,83.446000,83.279000,89.968000,82.774000,87.501000,4.055000,0.048594
2026-03-10 19:00,83.446000,86.635000,83.294000,85.975000,87.501000,90.444000,87.331000,90.100000,4.125000,0.047979
2026-03-10 20:00,85.896000,86.513000,85.000000,85.564000,90.046000,90.163000,88.899000,89.329000,3.765000,0.044002
2026-03-10 21:00,85.564000,86.636000,84.580000,85.825000,89.301000,89.919000,88.032000,89.230000,3.405000,0.039674
2026-03-10 22:00,85.825000,87.836000,85.825000,87.642000,89.588000,91.879000,89.588000,91.075000,3.433000,0.039171
2026-03-10 23:00,87.633000,87.641000,84.084000,84.820000,91.100000,91.100000,88.400000,89.068000,4.248000,0.050083
2026-03-11 00:00,84.764000,84.955000,81.000000,82.279000,89.066000,89.068000,85.073000,85.908000,3.629000,0.044106
2026-03-11 01:00,82.274000,83.704000,81.801000,82.616000,85.937000,87.441000,85.423000,86.474000,3.858000,0.046698
2026-03-11 02:00,82.603000,84.073000,82.475000,83.339000,86.388000,87.747000,86.320000,86.936000,3.597000,0.043161
2026-03-11 03:00,83.352000,83.559000,82.000000,82.257000,86.938000,87.160000,85.000000,85.321000,3.064000,0.037249
2026-03-11 04:00,82.250000,83.399000,81.892000,82.502000,85.275000,86.169000,84.921000,85.430000,2.928000,0.035490
2026-03-11 05:00,82.473000,83.429000,82.409000,83.110000,85.436000,86.468000,85.277000,86.193000,3.083000,0.037095
2026-03-11 06:00,83.116000,83.653000,82.300000,82.757000,86.160000,86.646000,85.272000,85.760000,3.003000,0.036287
2026-03-11 07:00,82.788000,84.906000,82.471000,84.617000,85.764000,87.892000,85.499000,87.752000,3.135000,0.037049
2026-03-11 08:00,84.587000,85.857000,84.057000,85.490000,87.631000,88.694000,86.854000,88.027000,2.537000,0.029676
2026-03-11 09:00,85.510000,87.859000,85.348000,87.660000,88.038000,90.231000,87.825000,90.004000,2.344000,0.026740
2026-03-11 10:00,87.659000,87.659000,83.584000,84.013000,90.004000,90.004000,86.741000,87.012000,2.999000,0.035697
2026-03-11 11:00,84.013000,86.307000,83.709000,85.809000,87.003000,89.500000,86.800000,89.030000,3.221000,0.037537
2026-03-11 12:00,85.820000,87.082000,85.294000,86.194000,89.036000,90.150000,88.345000,89.386000,3.192000,0.037033
2026-03-11 13:00,86.239000,86.273000,82.769000,83.267000,89.349000,89.349000,86.207000,86.655000,3.388000,0.040688
2026-03-11 14:00,83.267000,86.152000,81.563000,85.269000,86.770000,89.357000,85.710000,88.671000,3.402000,0.039897
2026-03-11 15:00,85.315000,86.707000,84.889000,86.610000,88.659000,90.112000,88.411000,90.112000,3.502000,0.040434
2026-03-11 16:00,86.634000,87.537000,85.919000,86.153000,90.093000,91.014000,89.492000,89.742000,3.589000,0.041658
2026-03-11 17:00,86.161000,87.404000,85.374000,86.846000,89.689000,90.777000,88.970000,90.134000,3.288000,0.037860
2026-03-11 18:00,86.840000,87.504000,85.918000,86.320000,90.066000,90.744000,89.745000,90.132000,3.812000,0.044161
2026-03-11 19:00,86.320000,87.236000,86.020000,87.164000,90.108000,90.777000,90.089000,90.700000,3.536000,0.040567
2026-03-11 20:00,87.184000,87.700000,86.987000,87.342000,90.673000,91.344000,90.578000,90.940000,3.598000,0.041194
2026-03-11 21:00,87.366000,88.375000,86.952000,87.525000,90.905000,91.585000,90.251000,91.479000,3.954000,0.045176
2026-03-11 22:00,87.520000,92.043000,87.285000,90.107000,91.480000,95.504000,91.318000,92.785000,2.678000,0.029720
2026-03-11 23:00,90.107000,93.665000,89.935000,91.751000,92.849000,96.428000,92.849000,94.188000,2.437000,0.026561
2026-03-12 00:00,91.741000,93.521000,91.249000,92.178000,94.188000,96.693000,93.537000,95.699000,3.521000,0.038198
2026-03-12 01:00,92.172000,92.974000,90.532000,92.165000,95.698000,96.234000,93.866000,95.101000,2.936000,0.031856
2026-03-12 02:00,92.160000,95.000000,92.154000,93.514000,95.123000,98.130000,95.042000,96.597000,3.083000,0.032968
2026-03-12 03:00,93.555000,94.615000,93.114000,93.663000,96.597000,97.841000,96.282000,96.829000,3.166000,0.033802
2026-03-12 04:00,93.666000,94.388000,93.247000,93.972000,96.787000,97.356000,96.368000,96.996000,3.024000,0.032180
2026-03-12 05:00,93.962000,93.962000,91.289000,91.986000,96.957000,96.957000,94.334000,95.067000,3.081000,0.033494
2026-03-12 06:00,92.021000,92.645000,90.404000,91.398000,95.187000,95.850000,93.440000,94.696000,3.298000,0.036084
2026-03-12 07:00,91.396000,91.422000,89.112000,89.647000,94.678000,94.678000,92.100000,92.702000,3.055000,0.034078
2026-03-12 08:00,89.648000,91.652000,89.440000,91.237000,92.666000,94.964000,92.476000,94.484000,3.247000,0.035589
2026-03-12 09:00,91.239000,91.963000,89.999000,90.149000,94.450000,95.164000,93.186000,93.488000,3.339000,0.037039
2026-03-12 10:00,90.139000,90.806000,89.654000,90.080000,93.487000,94.107000,93.051000,93.410000,3.330000,0.036967
2026-03-12 11:00,90.080000,91.761000,90.040000,91.604000,93.421000,94.892000,93.359000,94.700000,3.096000,0.033798
2026-03-12 12:00,91.614000,92.456000,91.316000,91.779000,94.647000,95.523000,94.431000,94.949000,3.170000,0.034539
2026-03-12 13:00,91.751000,93.954000,91.493000,93.600000,94.857000,97.000000,94.657000,96.435000,2.835000,0.030288
2026-03-12 14:00,93.643000,94.599000,92.850000,94.160000,96.435000,97.279000,95.670000,96.835000,2.675000,0.028409
2026-03-12 15:00,94.150000,95.479000,92.629000,92.919000,96.831000,97.906000,95.208000,95.733000,2.814000,0.030284
2026-03-12 16:00,92.940000,94.212000,91.626000,93.429000,95.737000,96.873000,94.437000,96.099000,2.670000,0.028578
2026-03-12 17:00,93.428000,94.308000,93.066000,93.221000,96.098000,96.685000,95.652000,95.728000,2.507000,0.026893
2026-03-12 18:00,93.219000,95.514000,92.830000,95.371000,95.699000,98.253000,95.351000,98.119000,2.748000,0.028814
2026-03-12 19:00,95.392000,95.786000,94.294000,95.068000,98.158000,98.466000,97.068000,97.766000,2.698000,0.028380
2026-03-12 20:00,95.074000,95.413000,94.482000,95.119000,97.783000,98.041000,96.905000,97.581000,2.462000,0.025883
2026-03-12 21:00,95.110000,96.316000,94.825000,96.181000,97.581000,102.100000,97.061000,98.386000,2.205000,0.022926
2026-03-12 22:00,96.181000,96.929000,94.561000,95.136000,98.346000,99.612000,97.088000,97.797000,2.661000,0.027970
2026-03-12 23:00,95.160000,96.335000,95.160000,95.426000,97.819000,99.034000,97.815000,98.015000,2.589000,0.027131
2026-03-13 00:00,95.456000,95.539000,93.504000,94.408000,97.989000,98.016000,96.193000,96.916000,2.508000,0.026566
2026-03-13 01:00,94.410000,94.974000,93.493000,94.458000,96.893000,97.384000,95.958000,96.935000,2.477000,0.026223
2026-03-13 02:00,94.454000,95.301000,94.116000,95.115000,96.862000,97.855000,96.536000,97.708000,2.593000,0.027262
2026-03-13 03:00,95.104000,95.441000,94.047000,94.384000,97.680000,98.007000,96.642000,97.046000,2.662000,0.028204
2026-03-13 04:00,94.385000,94.692000,94.050000,94.110000,97.040000,97.179000,96.521000,96.733000,2.623000,0.027872
2026-03-13 05:00,94.112000,94.478000,93.743000,93.928000,96.700000,97.047000,96.236000,96.417000,2.489000,0.026499
2026-03-13 06:00,93.974000,95.185000,93.364000,95.114000,96.471000,97.480000,95.781000,97.442000,2.328000,0.024476
2026-03-13 07:00,95.115000,96.433000,94.978000,96.087000,97.446000,98.713000,97.278000,98.425000,2.338000,0.024332
2026-03-13 08:00,96.100000,96.754000,94.492000,94.640000,98.425000,98.861000,96.903000,97.208000,2.568000,0.027134
2026-03-13 09:00,94.639000,95.244000,93.881000,94.784000,97.120000,97.784000,96.393000,97.444000,2.660000,0.028064
2026-03-13 10:00,94.769000,94.907000,92.448000,92.693000,97.342000,97.481000,95.200000,95.618000,2.925000,0.031556
2026-03-13 11:00,92.687000,94.068000,92.191000,92.480000,95.600000,96.909000,95.076000,95.490000,3.010000,0.032548
2026-03-13 12:00,92.495000,93.411000,91.000000,92.443000,95.559000,96.260000,94.042000,95.339000,2.896000,0.031327
2026-03-13 13:00,92.428000,93.324000,91.821000,93.221000,95.349000,96.155000,94.800000,96.041000,2.820000,0.030251
2026-03-13 14:00,93.240000,94.436000,92.805000,94.253000,96.041000,97.050000,95.715000,96.784000,2.531000,0.026853
2026-03-13 15:00,94.259000,95.394000,94.053000,94.905000,96.812000,97.868000,96.630000,97.332000,2.427000,0.025573
2026-03-13 16:00,94.887000,95.968000,94.755000,95.245000,97.297000,98.251000,97.040000,97.276000,2.031000,0.021324
2026-03-13 17:00,95.246000,96.414000,94.829000,96.154000,97.279000,98.566000,96.282000,98.309000,2.155000,0.022412
2026-03-13 18:00,96.100000,97.362000,95.248000,95.723000,98.294000,99.271000,97.590000,97.973000,2.250000,0.023505
2026-03-13 19:00,95.727000,96.468000,95.540000,96.290000,97.994000,98.845000,97.743000,98.751000,2.461000,0.025558
2026-03-13 20:00,96.290000,97.360000,96.285000,97.360000,98.755000,99.631000,98.654000,99.476000,2.116000,0.021734
2026-03-13 21:00,97.326000,97.740000,97.000000,97.424000,99.500000,100.060000,99.147000,99.351000,1.927000,0.019780
2026-03-13 22:00,97.440000,98.384000,97.010000,98.047000,99.351000,100.500000,99.026000,100.490000,2.443000,0.024917
2026-03-13 23:00,98.045000,98.430000,95.278000,95.765000,100.430000,100.470000,97.773000,98.522000,2.757000,0.028789
2026-03-14 00:00,95.776000,97.725000,95.500000,97.381000,98.346000,100.270000,98.045000,99.599000,2.218000,0.022777
2026-03-14 01:00,97.418000,98.000000,96.860000,97.936000,99.613000,100.480000,99.298000,100.440000,2.504000,0.025568
2026-03-14 02:00,97.936000,99.900000,97.432000,99.743000,100.210000,102.200000,99.688000,101.740000,1.997000,0.020021
2026-03-14 03:00,99.721000,99.850000,98.140000,98.988000,101.700000,102.330000,100.500000,101.350000,2.362000,0.023861
2026-03-14 04:00,98.961000,99.478000,98.596000,99.421000,101.270000,101.720000,101.040000,101.500000,2.079000,0.020911
2026-03-14 05:00,99.423000,99.700000,98.600000,99.298000,101.490000,102.140000,101.330000,101.980000,2.682000,0.027010
2026-03-14 06:00,99.345000,99.630000,98.918000,99.570000,102.000000,102.410000,101.020000,102.120000,2.550000,0.025610
2026-03-14 07:00,99.568000,99.800000,98.723000,99.443000,102.120000,102.690000,101.260000,102.010000,2.567000,0.025814
2026-03-14 08:00,99.443000,101.370000,99.202000,100.620000,102.010000,103.990000,101.770000,103.290000,2.670000,0.026535
2026-03-14 09:00,100.570000,101.400000,100.120000,101.270000,102.820000,104.250000,102.550000,103.990000,2.720000,0.026859
2026-03-14 10:00,101.260000,102.050000,100.660000,101.940000,103.990000,104.250000,103.000000,104.250000,2.310000,0.022660
2026-03-14 11:00,101.930000,102.050000,101.250000,101.780000,104.250000,104.820000,103.710000,104.120000,2.340000,0.022991
2026-03-14 12:00,101.890000,103.070000,101.590000,102.750000,104.120000,105.120000,103.810000,105.120000,2.370000,0.023066
2026-03-14 13:00,102.750000,103.280000,101.100000,101.220000,105.080000,105.550000,103.580000,104.430000,3.210000,0.031713
2026-03-14 14:00,101.190000,102.340000,101.180000,102.200000,104.440000,106.430000,104.210000,105.100000,2.900000,0.028376
2026-03-14 15:00,102.200000,102.230000,100.120000,101.260000,105.100000,105.330000,103.300000,104.450000,3.190000,0.031503
2026-03-14 16:00,101.270000,102.150000,100.900000,101.830000,104.420000,105.390000,103.900000,104.980000,3.150000,0.030934
2026-03-14 17:00,101.820000,102.690000,101.720000,102.200000,104.860000,105.990000,104.850000,105.160000,2.960000,0.028963
2026-03-14 18:00,102.210000,102.520000,101.300000,101.760000,105.150000,105.740000,104.160000,105.050000,3.290000,0.032331
2026-03-14 19:00,101.720000,102.700000,101.700000,102.700000,105.050000,106.000000,105.000000,105.800000,3.100000,0.030185
2026-03-14 20:00,102.670000,103.000000,102.250000,102.410000,105.790000,106.940000,105.470000,105.960000,3.550000,0.034665
2026-03-14 21:00,102.410000,102.900000,101.630000,102.430000,105.960000,106.490000,105.830000,106.030000,3.600000,0.035146
2026-03-14 22:00,102.380000,102.490000,101.540000,102.120000,106.010000,106.040000,105.110000,105.770000,3.650000,0.035742
2026-03-14 23:00,102.120000,102.160000,98.350000,99.890000,105.760000,105.850000,100.910000,103.250000,3.360000,0.033637
2026-03-15 00:00,99.802000,101.030000,99.000000,100.780000,103.310000,104.540000,102.380000,104.040000,3.260000,0.032348
2026-03-15 01:00,100.730000,100.780000,97.100000,98.320000,104.300000,104.300000,100.290000,101.820000,3.500000,0.035598
2026-03-15 02:00,98.286000,99.000000,96.958000,97.454000,101.820000,102.470000,99.038000,99.687000,2.233000,0.022913
2026-03-15 03:00,97.273000,98.603000,96.958000,98.444000,99.687000,102.050000,99.049000,101.900000,3.456000,0.035106
2026-03-15 04:00,98.531000,99.134000,97.440000,98.108000,101.860000,102.290000,100.150000,101.590000,3.482000,0.035491
2026-03-15 05:00,98.132000,99.703000,97.805000,99.100000,101.500000,103.000000,100.770000,102.290000,3.190000,0.032190
2026-03-15 06:00,99.071000,100.780000,98.650000,100.200000,102.080000,104.000000,101.820000,103.440000,3.240000,0.032335
2026-03-15 07:00,100.200000,100.440000,98.468000,98.468000,103.440000,103.830000,101.630000,101.920000,3.452000,0.035057
2026-03-15 08:00,98.633000,99.509000,98.400000,99.440000,101.850000,103.280000,101.680000,103.050000,3.610000,0.036303
2026-03-15 09:00,99.374000,100.720000,98.780000,99.276000,103.050000,104.290000,102.400000,102.720000,3.444000,0.034691
2026-03-15 10:00,99.227000,100.100000,98.876000,99.275000,102.720000,104.120000,102.370000,103.030000,3.755000,0.037824
2026-03-15 11:00,99.323000,100.360000,99.072000,99.154000,103.040000,103.530000,102.550000,102.650000,3.496000,0.035258
2026-03-15 12:00,99.192000,100.740000,98.943000,100.030000,102.650000,103.810000,102.440000,103.220000,3.190000,0.031890
2026-03-15 13:00,100.040000,101.010000,99.651000,100.000000,103.200000,103.980000,102.880000,103.140000,3.140000,0.031400
2026-03-15 14:00,99.911000,101.850000,99.839000,101.040000,103.080000,105.520000,103.020000,104.480000,3.440000,0.034046
2026-03-15 15:00,101.010000,101.710000,101.010000,101.270000,104.420000,105.130000,104.390000,104.570000,3.300000,0.032586
2026-03-15 16:00,101.230000,101.640000,100.770000,101.520000,104.610000,105.370000,104.080000,104.990000,3.470000,0.034180
2026-03-15 17:00,101.520000,101.790000,101.070000,101.230000,105.030000,105.770000,104.690000,104.980000,3.750000,0.037044
2026-03-15 18:00,101.230000,101.850000,100.880000,101.700000,104.920000,105.570000,104.320000,104.980000,3.280000,0.032252
2026-03-15 19:00,101.720000,101.880000,100.600000,101.250000,104.960000,106.240000,104.230000,104.720000,3.470000,0.034272
2026-03-15 20:00,101.240000,101.740000,100.060000,100.320000,104.730000,105.400000,103.650000,104.060000,3.740000,0.037281
2026-03-15 21:00,100.280000,101.960000,98.701000,101.370000,104.060000,106.000000,101.690000,105.140000,3.770000,0.037190
2026-03-15 22:00,101.370000,101.630000,97.515000,97.747000,104.960000,104.960000,99.917000,100.220000,2.473000,0.025300
2026-03-15 23:00,97.747000,98.497000,96.500000,96.893000,100.200000,101.070000,99.000000,99.492000,2.599000,0.026823
2026-03-16 00:00,96.894000,97.002000,95.628000,95.720000,99.550000,99.580000,98.317000,98.439000,2.719000,0.028406
2026-03-16 01:00,95.696000,97.192000,94.928000,96.970000,98.449000,100.010000,97.425000,99.849000,2.879000,0.029690
2026-03-16 02:00,96.987000,97.919000,96.576000,97.457000,99.785000,100.590000,99.426000,100.280000,2.823000,0.028967
2026-03-16 03:00,97.466000,97.695000,96.965000,97.600000,100.290000,100.530000,99.908000,100.290000,2.690000,0.027561
2026-03-16 04:00,97.600000,98.056000,97.537000,97.839000,100.280000,100.620000,100.240000,100.510000,2.671000,0.027300
2026-03-16 05:00,97.839000,98.042000,96.708000,96.840000,100.540000,100.690000,99.547000,99.717000,2.877000,0.029709
2026-03-16 06:00,96.821000,98.093000,96.505000,97.331000,99.640000,100.810000,99.255000,100.140000,2.809000,0.028860
2026-03-16 07:00,97.345000,99.290000,97.023000,98.827000,100.130000,101.800000,99.740000,101.210000,2.383000,0.024113
2026-03-16 08:00,98.803000,99.214000,98.039000,98.330000,101.260000,101.680000,100.470000,100.680000,2.350000,0.023899
2026-03-16 09:00,98.279000,98.780000,97.252000,97.716000,100.690000,101.200000,99.712000,100.230000,2.514000,0.025728
2026-03-16 10:00,97.716000,97.905000,95.580000,95.670000,100.270000,100.420000,98.155000,98.245000,2.575000,0.026915
2026-03-16 11:00,95.685000,96.689000,95.566000,96.009000,98.219000,99.263000,98.119000,98.835000,2.826000,0.029435
2026-03-16 12:00,95.984000,96.518000,93.300000,94.101000,98.825000,99.171000,97.065000,97.665000,3.564000,0.037874
2026-03-16 13:00,94.106000,94.620000,91.782000,92.189000,97.640000,98.195000,95.530000,95.999000,3.810000,0.041328
2026-03-16 14:00,92.148000,94.522000,91.914000,94.183000,95.949000,98.111000,95.760000,97.774000,3.591000,0.038128
2026-03-16 15:00,94.216000,94.756000,93.599000,94.450000,97.823000,98.285000,97.124000,97.799000,3.349000,0.035458
2026-03-16 16:00,94.461000,95.597000,94.009000,94.567000,97.780000,98.857000,97.330000,97.968000,3.401000,0.035964
2026-03-16 17:00,94.601000,94.611000,92.692000,93.294000,97.904000,97.924000,96.146000,96.701000,3.407000,0.036519
2026-03-16 18:00,93.293000,93.561000,91.940000,92.484000,96.711000,96.952000,95.323000,96.094000,3.610000,0.039034
2026-03-16 19:00,92.483000,93.777000,92.005000,92.433000,96.099000,97.151000,95.692000,96.176000,3.743000,0.040494
2026-03-16 20:00,92.412000,93.250000,92.118000,93.110000,96.118000,97.181000,95.839000,96.979000,3.869000,0.041553
2026-03-16 21:00,93.097000,93.532000,92.913000,93.384000,96.901000,97.080000,96.375000,96.879000,3.495000,0.037426
2026-03-16 22:00,93.384000,94.181000,92.941000,93.829000,96.907000,97.891000,96.790000,97.435000,3.606000,0.038432
2026-03-16 23:00,93.881000,94.181000,93.347000,93.804000,97.442000,97.820000,96.797000,97.462000,3.658000,0.038996
2026-03-17 00:00,93.781000,95.300000,93.744000,94.859000,97.436000,98.777000,97.336000,98.265000,3.406000,0.035906
2026-03-17 01:00,94.825000,95.163000,94.247000,94.944000,98.330000,100.610000,97.895000,98.582000,3.638000,0.038317
2026-03-17 02:00,94.922000,95.242000,94.638000,95.060000,98.579000,98.744000,98.209000,98.550000,3.490000,0.036714
2026-03-17 03:00,95.047000,95.354000,94.847000,95.175000,98.537000,98.653000,98.170000,98.442000,3.267000,0.034326
2026-03-17 04:00,95.172000,95.489000,94.578000,94.956000,98.447000,98.723000,98.082000,98.560000,3.604000,0.037954
2026-03-17 05:00,94.957000,97.118000,94.432000,96.951000,98.560000,100.310000,98.065000,99.980000,3.029000,0.031243
2026-03-17 06:00,96.976000,97.542000,96.161000,96.709000,100.110000,100.470000,99.140000,99.595000,2.886000,0.029842
2026-03-17 07:00,96.761000,96.978000,95.705000,96.073000,99.565000,99.777000,98.740000,99.038000,2.965000,0.030862
2026-03-17 08:00,96.030000,96.956000,95.894000,96.624000,99.014000,100.010000,98.931000,99.876000,3.252000,0.033656
2026-03-17 09:00,96.590000,96.606000,94.928000,95.207000,99.765000,99.806000,98.396000,98.631000,3.424000,0.035964
2026-03-17 10:00,95.221000,96.232000,95.202000,95.526000,98.662000,99.511000,98.644000,98.882000,3.356000,0.035132
2026-03-17 11:00,95.527000,96.356000,95.501000,96.217000,98.885000,99.669000,98.882000,99.564000,3.347000,0.034786
2026-03-17 12:00,96.222000,96.319000,94.586000,94.637000,99.549000,99.641000,98.193000,98.400000,3.763000,0.039762
2026-03-17 13:00,94.600000,94.807000,93.244000,94.394000,98.400000,98.684000,97.315000,98.288000,3.894000,0.041253
2026-03-17 14:00,94.406000,94.764000,93.149000,93.442000,98.307000,98.651000,97.200000,97.424000,3.982000,0.042615
2026-03-17 15:00,93.446000,95.125000,93.225000,94.825000,97.424000,99.040000,97.300000,98.821000,3.996000,0.042141
2026-03-17 16:00,94.805000,95.000000,93.558000,94.294000,98.813000,99.028000,97.597000,98.180000,3.886000,0.041212
2026-03-17 17:00,94.297000,95.320000,94.245000,95.147000,98.200000,99.186000,98.127000,99.071000,3.924000,0.041241
2026-03-17 18:00,95.074000,95.630000,94.776000,95.231000,99.071000,99.565000,98.835000,99.398000,4.167000,0.043757
2026-03-17 19:00,95.230000,95.590000,95.000000,95.419000,99.413000,99.808000,99.168000,99.680000,4.261000,0.044656
2026-03-17 20:00,95.419000,95.570000,95.049000,95.254000,99.670000,99.837000,99.414000,99.550000,4.296000,0.045100
2026-03-17 21:00,95.254000,95.484000,95.200000,95.363000,99.570000,99.890000,99.430000,99.645000,4.282000,0.044902
2026-03-17 22:00,95.363000,95.675000,94.251000,95.166000,99.597000,99.800000,98.357000,99.317000,4.151000,0.043619
2026-03-17 23:00,95.169000,95.634000,94.921000,95.270000,99.350000,99.736000,99.162000,99.484000,4.214000,0.044232
2026-03-18 00:00,95.270000,95.313000,93.983000,94.209000,99.541000,99.566000,98.432000,98.620000,4.411000,0.046821
2026-03-18 01:00,94.190000,94.490000,93.851000,94.247000,98.598000,99.031000,98.290000,98.837000,4.590000,0.048702
2026-03-18 02:00,94.284000,94.454000,93.232000,93.733000,98.827000,99.045000,97.856000,98.303000,4.570000,0.048756
2026-03-18 03:00,93.739000,93.834000,92.371000,92.450000,98.305000,98.376000,97.220000,97.285000,4.835000,0.052299
2026-03-18 04:00,92.448000,92.633000,92.116000,92.516000,97.299000,97.554000,97.127000,97.318000,4.802000,0.051905
2026-03-18 05:00,92.521000,92.923000,91.844000,92.006000,97.316000,97.796000,96.801000,97.229000,5.223000,0.056768
2026-03-18 06:00,92.010000,92.850000,91.418000,92.733000,97.248000,97.903000,96.736000,97.700000,4.967000,0.053562
2026-03-18 07:00,92.700000,93.290000,92.583000,93.242000,97.703000,98.315000,97.604000,98.230000,4.988000,0.053495
2026-03-18 08:00,93.239000,94.191000,93.141000,93.810000,98.180000,99.071000,98.068000,98.716000,4.906000,0.052297
2026-03-18 09:00,93.804000,94.463000,93.666000,94.250000,98.749000,99.323000,98.557000,99.183000,4.933000,0.052340
2026-03-18 10:00,94.270000,94.500000,93.964000,94.225000,99.210000,99.672000,98.945000,99.406000,5.181000,0.054985
2026-03-18 11:00,94.225000,95.539000,93.840000,94.484000,99.421000,100.860000,99.085000,99.799000,5.315000,0.056253
2026-03-18 12:00,94.514000,97.320000,94.443000,97.170000,99.837000,103.800000,99.826000,103.640000,6.470000,0.066584
2026-03-18 13:00,97.190000,98.223000,96.788000,98.016000,103.660000,105.260000,103.080000,104.460000,6.444000,0.065744
2026-03-18 14:00,98.001000,98.584000,97.375000,97.963000,104.460000,105.210000,103.890000,104.470000,6.507000,0.066423
2026-03-18 15:00,97.932000,98.338000,96.880000,97.206000,104.420000,104.670000,103.620000,104.250000,7.044000,0.072465
2026-03-18 16:00,97.193000,97.500000,96.485000,97.028000,104.200000,104.300000,103.510000,104.080000,7.052000,0.072680
2026-03-18 17:00,97.038000,97.369000,94.982000,95.177000,104.110000,104.440000,102.000000,102.300000,7.123000,0.074840
2026-03-18 18:00,95.170000,96.439000,94.241000,96.250000,102.290000,103.930000,101.410000,103.480000,7.230000,0.075117
2026-03-18 19:00,96.229000,97.961000,95.886000,97.623000,103.460000,105.320000,103.200000,104.940000,7.317000,0.074952
2026-03-18 20:00,97.604000,99.686000,97.500000,98.898000,104.990000,107.060000,104.850000,106.270000,7.372000,0.074541
2026-03-18 21:00,98.929000,99.235000,97.171000,98.430000,106.270000,106.430000,105.030000,105.500000,7.070000,0.071828
2026-03-18 22:00,98.430000,98.600000,97.614000,98.099000,105.470000,105.940000,104.270000,105.560000,7.461000,0.076056
2026-03-18 23:00,98.117000,98.534000,97.261000,98.268000,105.550000,105.860000,104.570000,105.650000,7.382000,0.075121
2026-03-19 00:00,98.243000,99.122000,98.132000,98.340000,105.620000,107.470000,105.620000,106.960000,8.620000,0.087655
2026-03-19 01:00,98.302000,98.590000,97.359000,97.989000,106.990000,107.790000,106.050000,107.720000,9.731000,0.099307
2026-03-19 02:00,97.963000,98.131000,95.675000,96.086000,107.700000,108.140000,105.730000,106.880000,10.794000,0.112337
2026-03-19 03:00,96.085000,96.507000,95.758000,96.433000,106.900000,107.100000,105.910000,106.800000,10.367000,0.107505
2026-03-19 04:00,96.434000,96.800000,96.272000,96.466000,106.820000,107.250000,106.670000,107.020000,10.554000,0.109406
2026-03-19 05:00,96.473000,97.168000,95.900000,96.429000,107.030000,108.020000,106.550000,107.780000,11.351000,0.117714
2026-03-19 06:00,96.429000,96.741000,95.998000,96.282000,107.730000,108.610000,107.370000,108.460000,12.178000,0.126483
2026-03-19 07:00,96.282000,96.967000,95.260000,96.755000,108.450000,109.630000,107.560000,108.830000,12.075000,0.124800
2026-03-19 08:00,96.700000,97.220000,95.763000,96.762000,108.740000,110.500000,107.560000,109.840000,13.078000,0.135156
2026-03-19 09:00,96.770000,98.871000,94.387000,95.150000,109.790000,112.160000,107.980000,108.570000,13.420000,0.141040
2026-03-19 10:00,95.130000,96.443000,94.913000,96.232000,108.550000,109.110000,107.440000,108.490000,12.258000,0.127380
2026-03-19 11:00,96.209000,97.663000,95.935000,96.660000,108.500000,109.110000,107.740000,107.740000,11.080000,0.114629
2026-03-19 12:00,96.687000,96.959000,95.285000,96.269000,107.780000,108.150000,106.110000,107.370000,11.101000,0.115312
2026-03-19 13:00,96.245000,97.159000,95.400000,96.012000,107.350000,107.640000,104.660000,105.720000,9.708000,0.101112
2026-03-19 14:00,95.998000,97.165000,95.689000,96.485000,105.750000,106.990000,105.360000,105.940000,9.455000,0.097995
2026-03-19 15:00,96.489000,100.410000,95.719000,98.017000,105.980000,107.670000,105.210000,105.280000,7.263000,0.074099
2026-03-19 16:00,97.998000,98.644000,96.608000,97.126000,105.280000,106.790000,104.100000,105.210000,8.084000,0.083232
2026-03-19 17:00,97.102000,97.242000,95.150000,95.704000,105.210000,105.370000,103.080000,103.910000,8.206000,0.085744
2026-03-19 18:00,95.749000,96.216000,94.171000,95.000000,103.910000,104.750000,102.620000,103.230000,8.230000,0.086632
2026-03-19 19:00,94.996000,95.310000,92.152000,94.283000,103.240000,103.460000,99.647000,103.060000,8.777000,0.093092
2026-03-19 20:00,94.270000,94.770000,93.905000,94.442000,103.070000,103.710000,102.690000,103.200000,8.758000,0.092734
2026-03-19 21:00,94.458000,94.547000,94.246000,94.462000,103.200000,103.450000,101.760000,103.210000,8.748000,0.092609
2026-03-19 22:00,94.432000,94.724000,93.874000,93.923000,103.170000,103.650000,102.650000,102.700000,8.777000,0.093449
2026-03-19 23:00,93.914000,94.120000,93.555000,93.933000,102.660000,102.810000,102.270000,102.580000,8.647000,0.092055
2026-03-20 00:00,93.930000,94.416000,93.391000,94.208000,102.550000,103.020000,101.770000,102.900000,8.692000,0.092264
2026-03-20 01:00,94.192000,94.352000,92.538000,92.910000,102.850000,102.990000,100.400000,101.100000,8.190000,0.088150
2026-03-20 02:00,92.927000,93.717000,92.837000,93.700000,101.120000,102.350000,101.050000,102.320000,8.620000,0.091996
2026-03-20 03:00,93.673000,94.136000,93.400000,93.855000,102.330000,103.060000,101.980000,102.710000,8.855000,0.094348
2026-03-20 04:00,93.856000,94.025000,93.389000,93.995000,102.710000,103.090000,102.180000,103.030000,9.035000,0.096122
2026-03-20 05:00,94.001000,94.225000,93.272000,93.426000,103.040000,103.400000,102.120000,102.290000,8.864000,0.094877
2026-03-20 06:00,93.426000,94.692000,93.400000,94.459000,102.340000,104.100000,102.230000,103.820000,9.361000,0.099101
2026-03-20 07:00,94.437000,94.731000,93.524000,93.692000,103.790000,104.180000,102.960000,103.210000,9.518000,0.101588
2026-03-20 08:00,93.690000,95.511000,93.290000,95.454000,103.190000,104.940000,102.610000,104.870000,9.416000,0.098644
2026-03-20 09:00,95.431000,96.154000,95.085000,95.916000,104.820000,106.400000,104.600000,106.020000,10.104000,0.105342
2026-03-20 10:00,95.900000,96.452000,95.341000,95.440000,106.010000,106.570000,105.000000,105.140000,9.700000,0.101635
2026-03-20 11:00,95.445000,95.520000,94.113000,94.198000,105.110000,105.240000,103.050000,103.190000,8.992000,0.095459
2026-03-20 12:00,94.183000,95.210000,93.959000,95.039000,103.130000,104.110000,102.570000,103.970000,8.931000,0.093972
2026-03-20 13:00,95.000000,96.202000,94.824000,95.971000,103.930000,105.210000,103.820000,104.980000,9.009000,0.093872
2026-03-20 14:00,95.973000,96.990000,95.272000,96.800000,104.980000,105.980000,104.220000,105.900000,9.100000,0.094008
2026-03-20 15:00,96.782000,96.969000,95.733000,96.491000,105.870000,106.150000,104.790000,105.030000,8.539000,0.088495
2026-03-20 16:00,96.520000,97.690000,96.193000,97.489000,104.990000,105.800000,104.680000,105.110000,7.621000,0.078173
2026-03-20 17:00,97.496000,98.500000,97.342000,98.068000,105.110000,106.130000,104.980000,105.700000,7.632000,0.077824
2026-03-20 18:00,98.031000,98.750000,96.955000,98.590000,105.680000,107.410000,104.900000,107.160000,8.570000,0.086926
2026-03-20 19:00,98.602000,98.700000,97.374000,97.426000,107.150000,107.300000,106.050000,106.140000,8.714000,0.089442
2026-03-20 20:00,97.433000,98.153000,97.374000,98.057000,106.190000,107.090000,106.060000,107.000000,8.943000,0.091202
2026-03-20 21:00,98.057000,98.093000,94.544000,95.365000,107.070000,107.500000,102.110000,104.540000,9.175000,0.096209
2026-03-20 22:00,95.266000,96.508000,95.055000,96.319000,104.610000,106.400000,104.210000,105.740000,9.421000,0.097810
2026-03-20 23:00,96.318000,96.688000,96.000000,96.339000,105.740000,106.280000,105.310000,105.770000,9.431000,0.097894
2026-03-21 00:00,96.339000,96.479000,95.710000,96.258000,105.680000,106.180000,105.020000,105.660000,9.402000,0.097675
2026-03-21 01:00,96.240000,96.493000,95.873000,96.315000,105.660000,106.060000,104.950000,105.570000,9.255000,0.096091
2026-03-21 02:00,96.323000,96.405000,96.044000,96.265000,105.530000,105.900000,105.140000,105.220000,8.955000,0.093024
2026-03-21 03:00,96.254000,96.298000,95.727000,96.122000,105.300000,105.420000,103.710000,104.320000,8.198000,0.085287
2026-03-21 04:00,96.122000,96.565000,96.073000,96.418000,104.340000,104.880000,103.820000,104.860000,8.442000,0.087556
2026-03-21 05:00,96.418000,97.007000,96.112000,96.930000,104.870000,105.410000,104.300000,105.390000,8.460000,0.087279
2026-03-21 06:00,96.930000,97.190000,96.540000,96.634000,105.390000,105.910000,104.880000,105.000000,8.366000,0.086574
2026-03-21 07:00,96.630000,97.285000,96.379000,96.491000,105.070000,106.890000,104.940000,105.560000,9.069000,0.093988
2026-03-21 08:00,96.476000,96.513000,95.498000,96.199000,105.540000,105.970000,104.470000,105.350000,9.151000,0.095126
2026-03-21 09:00,96.191000,96.413000,95.758000,95.984000,105.370000,105.820000,105.010000,105.380000,9.396000,0.097891
2026-03-21 10:00,95.982000,96.476000,95.813000,96.475000,105.350000,106.580000,105.350000,106.310000,9.835000,0.101944
2026-03-21 11:00,96.437000,96.474000,95.880000,95.940000,106.340000,106.380000,105.290000,105.440000,9.500000,0.099020
2026-03-21 12:00,95.938000,96.111000,95.700000,95.840000,105.400000,106.160000,104.300000,104.610000,8.770000,0.091507
2026-03-21 13:00,95.830000,96.532000,95.567000,96.100000,104.630000,105.250000,104.540000,104.960000,8.860000,0.092196
2026-03-21 14:00,96.068000,96.769000,95.722000,95.947000,104.930000,105.340000,104.320000,104.920000,8.973000,0.093520
2026-03-21 15:00,95.947000,95.999000,95.567000,95.947000,104.900000,104.920000,104.310000,104.820000,8.873000,0.092478
2026-03-21 16:00,95.945000,96.000000,95.750000,95.824000,104.850000,105.710000,104.330000,104.710000,8.886000,0.092733
2026-03-21 17:00,95.824000,95.995000,95.743000,95.875000,104.690000,104.920000,104.300000,104.800000,8.925000,0.093090
2026-03-21 18:00,95.875000,95.944000,94.961000,95.121000,104.830000,104.840000,103.700000,103.900000,8.779000,0.092293
2026-03-21 19:00,95.120000,95.569000,94.622000,94.796000,103.850000,104.400000,102.880000,103.040000,8.244000,0.086966
2026-03-21 20:00,94.786000,95.790000,94.755000,95.747000,103.040000,104.300000,103.000000,104.220000,8.473000,0.088494
2026-03-21 21:00,95.722000,95.969000,95.525000,95.605000,104.270000,104.710000,103.960000,104.230000,8.625000,0.090215
2026-03-21 22:00,95.605000,96.000000,95.573000,95.877000,104.190000,104.780000,104.020000,104.230000,8.353000,0.087122
2026-03-21 23:00,95.830000,98.210000,95.769000,98.141000,104.180000,107.390000,104.080000,107.210000,9.069000,0.092408
2026-03-22 00:00,98.197000,98.234000,96.383000,97.551000,107.220000,107.600000,105.440000,106.350000,8.799000,0.090199
2026-03-22 01:00,97.551000,98.370000,97.083000,98.304000,106.410000,107.490000,106.370000,107.450000,9.146000,0.093038
2026-03-22 02:00,98.304000,98.526000,97.559000,97.947000,107.450000,107.710000,106.610000,107.040000,9.093000,0.092836
2026-03-22 03:00,97.948000,98.144000,97.110000,97.400000,107.060000,107.900000,106.820000,107.310000,9.910000,0.101745
2026-03-22 04:00,97.401000,97.793000,97.312000,97.380000,107.310000,107.900000,107.070000,107.480000,10.100000,0.103717
2026-03-22 05:00,97.380000,97.681000,97.000000,97.350000,107.460000,107.550000,106.770000,107.210000,9.860000,0.101284
2026-03-22 06:00,97.349000,97.800000,97.242000,97.359000,107.270000,107.670000,106.800000,107.030000,9.671000,0.099333
2026-03-22 07:00,97.358000,97.943000,97.228000,97.601000,107.080000,107.910000,106.900000,107.150000,9.549000,0.097837
2026-03-22 08:00,97.575000,98.043000,97.451000,97.843000,107.160000,107.830000,107.030000,107.410000,9.567000,0.097779
2026-03-22 09:00,97.844000,98.536000,97.751000,98.025000,107.450000,108.950000,107.450000,108.280000,10.255000,0.104616
2026-03-22 10:00,98.029000,98.488000,97.936000,98.407000,108.270000,108.770000,107.920000,108.680000,10.273000,0.104393
2026-03-22 11:00,98.410000,98.680000,98.202000,98.596000,108.610000,108.790000,108.390000,108.740000,10.144000,0.102884
2026-03-22 12:00,98.555000,98.650000,97.700000,97.764000,108.740000,109.110000,108.210000,108.210000,10.446000,0.106849
2026-03-22 13:00,97.740000,98.536000,97.640000,98.490000,108.260000,109.040000,108.150000,108.980000,10.490000,0.106508
2026-03-22 14:00,98.482000,98.700000,97.801000,98.099000,108.960000,109.680000,108.460000,108.950000,10.851000,0.110613
2026-03-22 15:00,98.124000,98.641000,97.619000,98.541000,108.940000,109.900000,108.480000,109.350000,10.809000,0.109690
2026-03-22 16:00,98.540000,99.175000,98.200000,98.650000,109.380000,109.910000,109.060000,109.650000,11.000000,0.111505
2026-03-22 17:00,98.649000,98.978000,98.341000,98.758000,109.740000,110.020000,108.680000,109.680000,10.922000,0.110594
2026-03-22 18:00,98.777000,99.888000,98.598000,99.800000,109.680000,111.010000,109.280000,110.560000,10.760000,0.107816
2026-03-22 19:00,99.810000,99.854000,99.406000,99.701000,110.480000,110.660000,110.080000,110.570000,10.869000,0.109016
2026-03-22 20:00,99.712000,100.950000,99.554000,100.470000,110.540000,111.200000,110.100000,110.410000,9.940000,0.098935
2026-03-22 21:00,100.490000,101.500000,99.745000,100.860000,110.390000,112.040000,110.030000,111.820000,10.960000,0.108665
2026-03-22 22:00,100.850000,101.520000,96.688000,98.107000,111.810000,112.190000,105.730000,106.950000,8.843000,0.090136
2026-03-22 23:00,98.140000,98.761000,97.840000,98.535000,106.900000,107.450000,106.530000,107.180000,8.645000,0.087735
2026-03-23 00:00,98.550000,98.784000,97.846000,98.107000,107.170000,107.500000,106.330000,106.630000,8.523000,0.086875
2026-03-23 01:00,98.114000,98.674000,97.917000,98.578000,106.640000,107.510000,106.580000,107.260000,8.682000,0.088072
2026-03-23 02:00,98.573000,99.048000,98.332000,98.842000,107.280000,108.090000,106.730000,107.980000,9.138000,0.092451
2026-03-23 03:00,98.862000,99.209000,98.843000,99.160000,108.000000,108.200000,107.890000,108.120000,8.960000,0.090359
2026-03-23 04:00,99.159000,99.181000,98.663000,98.756000,108.090000,108.260000,107.780000,107.880000,9.124000,0.092389
2026-03-23 05:00,98.756000,98.843000,97.868000,98.412000,107.900000,108.070000,107.020000,107.680000,9.268000,0.094176
2026-03-23 06:00,98.443000,100.700000,98.366000,100.530000,107.670000,109.110000,107.510000,109.030000,8.500000,0.084552
2026-03-23 07:00,100.550000,101.620000,100.300000,101.010000,109.000000,109.640000,108.750000,109.150000,8.140000,0.080586
2026-03-23 08:00,100.970000,100.990000,99.370000,99.408000,109.120000,109.800000,108.410000,108.910000,9.502000,0.095586
2026-03-23 09:00,99.412000,99.454000,98.166000,98.861000,108.810000,109.060000,108.000000,108.580000,9.719000,0.098310
2026-03-23 10:00,98.865000,99.417000,97.503000,98.550000,108.530000,109.070000,107.250000,108.240000,9.690000,0.098326
2026-03-23 11:00,98.555000,98.709000,82.500000,92.477000,108.260000,108.400000,88.092000,101.400000,8.923000,0.096489
2026-03-23 12:00,92.526000,93.258000,88.503000,89.322000,101.430000,102.680000,96.200000,96.881000,7.559000,0.084626
2026-03-23 13:00,89.322000,91.242000,88.003000,89.078000,96.957000,99.554000,95.897000,96.970000,7.892000,0.088597
2026-03-23 14:00,89.110000,90.286000,87.908000,89.235000,96.971000,98.437000,95.905000,96.956000,7.721000,0.086524
2026-03-23 15:00,89.235000,90.819000,85.495000,90.503000,96.955000,98.706000,93.009000,98.252000,7.749000,0.085621
2026-03-23 16:00,90.498000,91.906000,89.125000,89.640000,98.273000,99.813000,96.700000,97.067000,7.427000,0.082854
2026-03-23 17:00,89.628000,90.341000,88.425000,88.627000,97.054000,97.843000,96.066000,96.403000,7.776000,0.087738
2026-03-23 18:00,88.601000,89.442000,86.692000,87.689000,96.382000,97.193000,93.919000,95.012000,7.323000,0.083511
2026-03-23 19:00,87.651000,88.779000,87.433000,88.625000,95.000000,96.146000,94.721000,96.000000,7.375000,0.083216
2026-03-23 20:00,88.651000,89.423000,88.298000,88.911000,96.032000,96.862000,95.610000,96.379000,7.468000,0.083994
2026-03-23 21:00,88.911000,88.911000,88.348000,88.517000,96.360000,96.812000,95.943000,96.178000,7.661000,0.086548
2026-03-23 22:00,88.486000,89.586000,88.440000,89.173000,96.190000,97.234000,96.147000,96.555000,7.382000,0.082783
2026-03-23 23:00,89.165000,89.582000,88.580000,89.450000,96.590000,97.148000,95.896000,97.036000,7.586000,0.084807
2026-03-24 00:00,89.438000,91.011000,89.376000,90.427000,97.053000,98.398000,96.677000,97.972000,7.545000,0.083437
2026-03-24 01:00,90.460000,91.891000,90.415000,91.522000,97.971000,99.966000,97.970000,99.490000,7.968000,0.087061
2026-03-24 02:00,91.504000,92.033000,90.919000,91.206000,99.490000,103.410000,99.283000,99.753000,8.547000,0.093711
2026-03-24 03:00,91.211000,91.872000,91.199000,91.648000,99.747000,100.200000,99.740000,100.040000,8.392000,0.091568
2026-03-24 04:00,91.640000,92.053000,91.508000,91.571000,100.030000,100.410000,99.801000,99.825000,8.254000,0.090138
2026-03-24 05:00,91.570000,92.268000,91.357000,91.605000,99.840000,100.400000,99.429000,99.501000,7.896000,0.086196
2026-03-24 06:00,91.605000,91.712000,90.633000,90.876000,99.507000,99.509000,98.341000,98.723000,7.847000,0.086348
2026-03-24 07:00,90.886000,91.081000,89.333000,89.359000,98.723000,99.028000,97.080000,97.130000,7.771000,0.086964
2026-03-24 08:00,89.372000,90.797000,89.060000,90.530000,97.150000,98.800000,96.924000,98.156000,7.626000,0.084237
2026-03-24 09:00,90.528000,91.400000,90.237000,90.368000,98.147000,98.888000,97.627000,97.864000,7.496000,0.082950
2026-03-24 10:00,90.378000,90.621000,89.432000,90.361000,97.869000,97.988000,96.643000,97.753000,7.392000,0.081805
2026-03-24 11:00,90.360000,91.371000,89.930000,90.854000,97.761000,98.883000,97.320000,98.459000,7.605000,0.083706
2026-03-24 12:00,90.819000,92.164000,90.733000,91.745000,98.443000,99.581000,98.351000,99.165000,7.420000,0.080876
2026-03-24 13:00,91.757000,92.640000,91.382000,92.031000,99.174000,99.990000,98.762000,99.419000,7.388000,0.080277
2026-03-24 14:00,92.078000,92.261000,90.544000,91.189000,99.404000,99.593000,97.898000,98.672000,7.483000,0.082060
2026-03-24 15:00,91.168000,92.377000,90.566000,92.185000,98.597000,99.889000,98.049000,99.697000,7.512000,0.081488
2026-03-24 16:00,92.221000,92.796000,91.864000,92.566000,99.700000,100.330000,99.392000,100.040000,7.474000,0.080742
2026-03-24 17:00,92.612000,93.352000,91.138000,91.718000,100.040000,100.830000,98.595000,99.232000,7.514000,0.081925
2026-03-24 18:00,91.756000,92.605000,90.932000,91.747000,99.260000,100.300000,98.840000,100.030000,8.283000,0.090281
2026-03-24 19:00,91.724000,91.966000,91.142000,91.897000,100.020000,100.040000,99.236000,99.675000,7.778000,0.084638
2026-03-24 20:00,91.894000,91.941000,86.342000,88.329000,99.696000,99.761000,94.000000,96.023000,7.694000,0.087106
2026-03-24 21:00,88.329000,88.329000,87.480000,88.011000,96.017000,96.761000,95.448000,95.892000,7.881000,0.089546
2026-03-24 22:00,87.977000,89.281000,87.756000,88.726000,95.951000,96.830000,95.383000,96.366000,7.640000,0.086108
2026-03-24 23:00,88.713000,88.934000,88.487000,88.833000,96.351000,96.661000,96.129000,96.517000,7.684000,0.086499
2026-03-25 00:00,88.811000,88.920000,86.700000,87.752000,96.517000,96.549000,93.721000,94.766000,7.014000,0.079930
2026-03-25 01:00,87.739000,87.936000,86.775000,87.508000,94.767000,94.962000,93.550000,94.373000,6.865000,0.078450
2026-03-25 02:00,87.517000,89.116000,87.225000,88.994000,94.375000,96.123000,94.043000,95.910000,6.916000,0.077713
2026-03-25 03:00,88.968000,89.161000,88.300000,88.853000,95.910000,96.366000,95.302000,96.021000,7.168000,0.080673
2026-03-25 04:00,88.859000,89.021000,88.253000,88.280000,96.035000,96.271000,95.332000,95.430000,7.150000,0.080992
2026-03-25 05:00,88.303000,89.300000,88.300000,89.107000,95.364000,96.961000,95.364000,96.640000,7.533000,0.084539
2026-03-25 06:00,89.094000,89.517000,88.903000,89.160000,96.611000,97.047000,96.220000,96.499000,7.339000,0.082313
2026-03-25 07:00,89.168000,89.255000,88.221000,88.342000,96.444000,96.500000,95.235000,95.558000,7.216000,0.081683
2026-03-25 08:00,88.342000,88.501000,86.601000,87.612000,95.554000,95.808000,93.856000,95.062000,7.450000,0.085034
2026-03-25 09:00,87.629000,88.806000,87.222000,87.709000,95.064000,96.370000,94.600000,95.110000,7.401000,0.084381
2026-03-25 10:00,87.664000,87.944000,86.932000,87.109000,95.120000,95.342000,94.079000,94.288000,7.179000,0.082414
2026-03-25 11:00,87.101000,87.930000,86.487000,87.260000,94.288000,95.155000,93.708000,94.449000,7.189000,0.082386
2026-03-25 12:00,87.259000,89.397000,87.030000,88.407000,94.392000,96.681000,94.180000,95.710000,7.303000,0.082607
2026-03-25 13:00,88.405000,88.939000,87.447000,88.702000,95.713000,96.116000,94.723000,95.998000,7.296000,0.082253
2026-03-25 14:00,88.703000,89.170000,88.305000,88.989000,95.998000,96.502000,95.656000,96.260000,7.271000,0.081707
2026-03-25 15:00,88.997000,90.348000,88.828000,90.295000,96.259000,97.410000,96.084000,97.321000,7.026000,0.077812
2026-03-25 16:00,90.320000,90.628000,89.414000,90.148000,97.304000,97.545000,96.300000,96.782000,6.634000,0.073590
2026-03-25 17:00,90.148000,90.892000,89.541000,90.255000,96.768000,97.289000,96.173000,96.975000,6.720000,0.074456
2026-03-25 18:00,90.255000,91.301000,89.858000,91.123000,96.975000,98.369000,96.770000,98.065000,6.942000,0.076183
2026-03-25 19:00,91.123000,91.469000,90.484000,90.880000,98.105000,98.365000,97.523000,97.772000,6.892000,0.075836
2026-03-25 20:00,90.880000,91.436000,90.862000,91.248000,97.800000,98.226000,97.777000,98.017000,6.769000,0.074182
2026-03-25 21:00,91.234000,91.240000,90.677000,91.019000,98.046000,98.063000,97.539000,97.929000,6.910000,0.075918
2026-03-25 22:00,91.018000,91.315000,90.746000,90.924000,97.956000,98.128000,97.706000,97.853000,6.929000,0.076207
2026-03-25 23:00,90.922000,91.106000,90.635000,90.973000,97.855000,98.104000,97.694000,97.869000,6.896000,0.075803
2026-03-26 00:00,91.002000,91.599000,90.918000,91.193000,97.875000,98.446000,97.741000,98.034000,6.841000,0.075017
2026-03-26 01:00,91.193000,91.614000,90.945000,91.234000,98.024000,98.490000,97.794000,98.024000,6.790000,0.074424
2026-03-26 02:00,91.250000,91.925000,91.050000,91.853000,98.060000,98.789000,97.801000,98.683000,6.830000,0.074358
2026-03-26 03:00,91.831000,92.029000,91.522000,91.693000,98.694000,98.924000,98.278000,98.469000,6.776000,0.073899
2026-03-26 04:00,91.678000,92.123000,91.591000,92.049000,98.479000,98.768000,98.250000,98.714000,6.665000,0.072407
2026-03-26 05:00,92.051000,92.388000,91.877000,92.310000,98.743000,99.162000,98.479000,99.099000,6.789000,0.073546
2026-03-26 06:00,92.307000,92.444000,92.034000,92.256000,99.131000,99.321000,98.826000,99.123000,6.867000,0.074434
2026-03-26 07:00,92.245000,93.232000,92.232000,93.021000,99.124000,99.946000,99.124000,99.702000,6.681000,0.071822
2026-03-26 08:00,92.990000,94.091000,92.627000,93.647000,99.702000,100.800000,99.292000,100.370000,6.723000,0.071791
2026-03-26 09:00,93.640000,93.889000,93.183000,93.431000,100.320000,100.700000,99.950000,100.370000,6.939000,0.074269
2026-03-26 10:00,93.431000,93.646000,92.582000,93.177000,100.390000,100.610000,99.668000,100.360000,7.183000,0.077090
2026-03-26 11:00,93.175000,94.734000,92.981000,94.604000,100.370000,101.830000,100.250000,101.780000,7.176000,0.075853
2026-03-26 12:00,94.592000,94.720000,93.900000,94.392000,101.770000,102.080000,101.220000,101.790000,7.398000,0.078375
2026-03-26 13:00,94.393000,94.417000,92.715000,92.796000,101.820000,101.830000,100.320000,100.530000,7.734000,0.083344
2026-03-26 14:00,92.814000,94.170000,92.407000,93.670000,100.540000,101.680000,100.060000,101.130000,7.460000,0.079641
2026-03-26 15:00,93.664000,94.676000,93.474000,94.480000,101.110000,101.940000,101.010000,101.780000,7.300000,0.077265
2026-03-26 16:00,94.482000,95.140000,94.261000,94.659000,101.780000,102.430000,101.520000,101.730000,7.071000,0.074700
2026-03-26 17:00,94.655000,95.381000,94.563000,95.172000,101.710000,102.340000,101.610000,102.240000,7.068000,0.074266
2026-03-26 18:00,95.167000,95.229000,94.010000,94.264000,102.230000,102.280000,101.110000,101.370000,7.106000,0.075384
2026-03-26 19:00,94.275000,94.630000,93.898000,94.030000,101.330000,101.740000,101.160000,101.290000,7.260000,0.077209
2026-03-26 20:00,94.017000,94.355000,89.637000,93.709000,101.300000,101.440000,96.663000,101.150000,7.441000,0.079405
2026-03-26 21:00,93.708000,93.832000,93.268000,93.711000,101.120000,101.160000,100.630000,101.020000,7.309000,0.077995
2026-03-26 22:00,93.746000,93.770000,93.023000,93.194000,101.020000,101.130000,100.560000,100.830000,7.636000,0.081937
2026-03-26 23:00,93.195000,93.478000,93.016000,93.208000,100.830000,101.070000,100.380000,100.670000,7.462000,0.080058
2026-03-27 00:00,93.218000,94.097000,92.700000,94.049000,100.660000,101.520000,99.975000,101.350000,7.301000,0.077630
2026-03-27 01:00,94.031000,94.151000,92.938000,92.995000,101.350000,101.540000,100.260000,100.340000,7.345000,0.078983
2026-03-27 02:00,92.992000,93.518000,92.083000,93.349000,100.320000,100.680000,98.929000,100.470000,7.121000,0.076284
2026-03-27 03:00,93.352000,93.741000,93.279000,93.418000,100.460000,101.090000,100.460000,100.830000,7.412000,0.079342
2026-03-27 04:00,93.425000,93.784000,93.407000,93.741000,100.840000,101.230000,100.810000,101.200000,7.459000,0.079570
2026-03-27 05:00,93.741000,94.040000,93.483000,93.996000,101.200000,101.530000,100.860000,101.500000,7.504000,0.079833
2026-03-27 06:00,94.022000,94.384000,93.639000,94.268000,101.480000,102.000000,101.110000,101.860000,7.592000,0.080536
2026-03-27 07:00,94.271000,95.393000,94.168000,95.022000,101.870000,102.940000,101.750000,102.540000,7.518000,0.079119
2026-03-27 08:00,95.007000,96.250000,94.790000,96.100000,102.540000,104.100000,102.200000,103.260000,7.160000,0.074506
2026-03-27 09:00,96.098000,96.712000,95.713000,96.034000,103.240000,104.060000,102.850000,103.330000,7.296000,0.075973
2026-03-27 10:00,96.034000,97.049000,95.691000,96.973000,103.330000,104.470000,102.840000,104.390000,7.417000,0.076485
2026-03-27 11:00,96.912000,97.206000,96.240000,96.551000,104.380000,104.610000,103.720000,104.000000,7.449000,0.077151
2026-03-27 12:00,96.548000,97.174000,96.395000,96.698000,103.990000,104.600000,103.760000,103.800000,7.102000,0.073445
2026-03-27 13:00,96.705000,97.781000,96.522000,97.698000,103.820000,104.700000,103.620000,104.000000,6.302000,0.064505
2026-03-27 14:00,97.673000,98.241000,96.816000,98.068000,104.000000,104.090000,102.680000,103.710000,5.642000,0.057532
2026-03-27 15:00,98.083000,98.154000,96.962000,97.899000,103.690000,104.350000,102.930000,104.160000,6.261000,0.063954
2026-03-27 16:00,97.907000,98.780000,97.630000,98.716000,104.190000,104.550000,103.720000,104.390000,5.674000,0.057478
2026-03-27 17:00,98.686000,98.740000,98.050000,98.457000,104.360000,104.960000,103.860000,104.890000,6.433000,0.065338
2026-03-27 18:00,98.457000,99.905000,98.431000,99.020000,104.870000,105.550000,104.350000,104.910000,5.890000,0.059483
2026-03-27 19:00,99.030000,100.410000,98.734000,99.482000,104.870000,106.760000,104.690000,105.410000,5.928000,0.059589
2026-03-27 20:00,99.480000,101.000000,98.943000,100.980000,105.390000,106.730000,104.690000,106.660000,5.680000,0.056249
2026-03-27 21:00,100.930000,101.520000,100.630000,100.940000,106.690000,107.750000,106.150000,106.610000,5.670000,0.056172
2026-03-27 22:00,100.940000,100.970000,100.180000,100.490000,106.570000,107.990000,106.460000,107.440000,6.950000,0.069161
2026-03-27 23:00,100.490000,100.880000,100.290000,100.820000,107.460000,107.760000,107.160000,107.590000,6.770000,0.067149
2026-03-28 00:00,100.840000,100.850000,98.169000,100.270000,107.570000,107.830000,106.120000,107.030000,6.760000,0.067418
2026-03-28 01:00,100.180000,100.300000,98.908000,99.700000,107.030000,107.490000,106.490000,106.590000,6.890000,0.069107
2026-03-28 02:00,99.719000,100.110000,99.360000,99.609000,106.590000,107.170000,106.550000,107.080000,7.471000,0.075003
2026-03-28 03:00,99.609000,99.811000,99.330000,99.747000,107.080000,107.470000,106.510000,107.250000,7.503000,0.075220
2026-03-28 04:00,99.783000,100.800000,99.718000,100.720000,107.230000,108.090000,107.200000,107.740000,7.020000,0.069698
2026-03-28 05:00,100.690000,100.740000,99.950000,100.320000,107.730000,107.970000,107.100000,107.400000,7.080000,0.070574
2026-03-28 06:00,100.300000,100.330000,98.500000,99.804000,107.420000,107.490000,105.500000,106.670000,6.866000,0.068795
2026-03-28 07:00,99.810000,99.824000,97.989000,99.264000,106.650000,106.840000,105.840000,106.440000,7.176000,0.072292
2026-03-28 08:00,99.264000,99.747000,99.000000,99.045000,106.440000,106.530000,105.170000,105.400000,6.355000,0.064163
2026-03-28 09:00,99.050000,100.000000,98.868000,99.490000,105.380000,106.540000,105.010000,105.830000,6.340000,0.063725
2026-03-28 10:00,99.480000,99.900000,99.434000,99.578000,105.800000,106.780000,105.610000,106.040000,6.462000,0.064894
2026-03-28 11:00,99.568000,100.030000,99.516000,100.020000,106.040000,107.480000,105.940000,106.990000,6.970000,0.069686
2026-03-28 12:00,99.990000,100.340000,99.577000,99.724000,106.980000,107.500000,106.230000,106.520000,6.796000,0.068148
2026-03-28 13:00,99.700000,99.738000,98.692000,99.005000,106.520000,106.740000,104.770000,105.630000,6.625000,0.066916
2026-03-28 14:00,99.003000,99.703000,98.898000,99.347000,105.620000,106.630000,105.620000,105.860000,6.513000,0.065558
2026-03-28 15:00,99.334000,99.536000,98.983000,99.287000,105.860000,106.350000,105.850000,106.090000,6.803000,0.068519
2026-03-28 16:00,99.286000,99.728000,98.616000,99.363000,106.090000,106.500000,106.020000,106.250000,6.887000,0.069312
2026-03-28 17:00,99.346000,99.728000,99.142000,99.457000,106.250000,106.480000,106.150000,106.460000,7.003000,0.070412
2026-03-28 18:00,99.461000,99.800000,99.373000,99.606000,106.440000,106.480000,106.230000,106.340000,6.734000,0.067606
2026-03-28 19:00,99.590000,100.230000,99.275000,100.060000,106.340000,107.010000,106.030000,106.640000,6.580000,0.065761
2026-03-28 20:00,100.090000,100.110000,99.650000,99.901000,106.640000,106.950000,106.150000,106.680000,6.779000,0.067857
2026-03-28 21:00,99.910000,100.290000,99.605000,100.040000,106.680000,107.020000,106.500000,106.840000,6.800000,0.067973
2026-03-28 22:00,100.040000,100.200000,99.661000,99.769000,106.840000,107.090000,106.660000,106.970000,7.201000,0.072177
2026-03-28 23:00,99.787000,100.900000,99.766000,100.760000,106.980000,107.450000,106.870000,107.300000,6.540000,0.064907
2026-03-29 00:00,100.790000,100.990000,100.410000,100.660000,107.300000,107.720000,107.000000,107.510000,6.850000,0.068051
2026-03-29 01:00,100.620000,100.990000,100.550000,100.990000,107.560000,107.750000,107.510000,107.720000,6.730000,0.066640
2026-03-29 02:00,100.990000,101.000000,100.550000,100.770000,107.700000,107.720000,107.510000,107.640000,6.870000,0.068175
2026-03-29 03:00,100.800000,100.880000,100.570000,100.700000,107.660000,107.710000,107.510000,107.610000,6.910000,0.068620
2026-03-29 04:00,100.700000,100.890000,100.330000,100.360000,107.610000,107.750000,106.480000,106.870000,6.510000,0.064866
2026-03-29 05:00,100.360000,100.540000,99.909000,100.330000,106.870000,107.470000,106.200000,107.190000,6.860000,0.068374
2026-03-29 06:00,100.350000,100.880000,100.250000,100.730000,107.190000,108.000000,107.130000,107.650000,6.920000,0.068699
2026-03-29 07:00,100.730000,101.210000,100.590000,101.130000,107.650000,107.940000,107.390000,107.760000,6.630000,0.065559
2026-03-29 08:00,101.120000,101.370000,100.820000,101.080000,107.790000,107.990000,107.710000,107.810000,6.730000,0.066581
2026-03-29 09:00,101.070000,101.340000,100.770000,101.140000,107.830000,107.920000,107.480000,107.760000,6.620000,0.065454
2026-03-29 10:00,101.150000,101.850000,101.070000,101.670000,107.760000,108.340000,107.670000,108.250000,6.580000,0.064719
2026-03-29 11:00,101.670000,102.060000,101.580000,101.960000,108.220000,108.310000,108.030000,108.160000,6.200000,0.060808
2026-03-29 12:00,101.960000,102.250000,101.780000,102.030000,108.170000,108.330000,107.970000,108.060000,6.030000,0.059100
2026-03-29 13:00,102.030000,102.930000,101.920000,102.870000,108.050000,108.570000,108.050000,108.570000,5.700000,0.055410
2026-03-29 14:00,102.880000,103.090000,102.510000,102.970000,108.570000,108.910000,108.540000,108.910000,5.940000,0.057687
2026-03-29 15:00,102.970000,103.760000,102.940000,103.160000,108.870000,109.010000,108.490000,108.600000,5.440000,0.052734
2026-03-29 16:00,103.170000,103.440000,101.670000,102.490000,108.570000,108.780000,107.400000,107.870000,5.380000,0.052493
2026-03-29 17:00,102.490000,102.970000,101.970000,102.560000,107.880000,108.040000,107.580000,107.960000,5.400000,0.052652
2026-03-29 18:00,102.600000,102.640000,102.000000,102.580000,107.960000,108.040000,107.350000,107.940000,5.360000,0.052252
2026-03-29 19:00,102.580000,102.830000,102.240000,102.670000,107.920000,108.460000,107.860000,108.390000,5.720000,0.055712
2026-03-29 20:00,102.700000,103.100000,101.810000,102.440000,108.390000,108.520000,107.500000,107.510000,5.070000,0.049492
2026-03-29 21:00,102.430000,102.690000,101.990000,102.650000,107.580000,108.910000,107.200000,108.120000,5.470000,0.053288
2026-03-29 22:00,102.590000,103.190000,101.140000,102.040000,108.120000,108.690000,106.200000,107.650000,5.610000,0.054978
2026-03-29 23:00,102.070000,102.800000,101.830000,102.630000,107.680000,108.580000,107.500000,108.480000,5.850000,0.057001
2026-03-30 00:00,102.630000,103.050000,101.010000,102.920000,108.480000,109.240000,106.760000,109.230000,6.310000,0.061310
2026-03-30 01:00,102.930000,103.100000,101.650000,101.930000,109.220000,109.330000,107.930000,108.200000,6.270000,0.061513
2026-03-30 02:00,101.940000,102.960000,101.100000,101.600000,108.180000,109.150000,107.650000,108.030000,6.430000,0.063287
2026-03-30 03:00,101.600000,101.670000,100.180000,101.460000,108.010000,108.010000,106.820000,107.800000,6.340000,0.062488
2026-03-30 04:00,101.470000,101.470000,100.920000,101.370000,107.760000,108.010000,107.410000,107.980000,6.610000,0.065207
2026-03-30 05:00,101.390000,101.410000,100.460000,100.780000,108.010000,108.100000,107.300000,107.690000,6.910000,0.068565
2026-03-30 06:00,100.760000,101.690000,100.250000,101.510000,107.700000,108.520000,107.300000,108.330000,6.820000,0.067185
2026-03-30 07:00,101.490000,102.110000,101.010000,101.570000,108.330000,108.950000,107.900000,108.520000,6.950000,0.068426
2026-03-30 08:00,101.560000,102.360000,100.570000,100.990000,108.530000,109.240000,107.240000,107.690000,6.700000,0.066343
2026-03-30 09:00,100.950000,101.750000,100.670000,101.460000,107.650000,108.550000,107.350000,107.730000,6.270000,0.061798
2026-03-30 10:00,101.470000,101.890000,101.170000,101.540000,107.740000,108.230000,107.450000,107.860000,6.320000,0.062241
2026-03-30 11:00,101.530000,101.570000,99.350000,100.950000,107.800000,108.100000,106.130000,107.490000,6.540000,0.064785
2026-03-30 12:00,100.940000,101.310000,100.360000,100.550000,107.490000,107.690000,106.790000,106.860000,6.310000,0.062755
2026-03-30 13:00,100.580000,102.630000,99.845000,102.220000,106.850000,108.630000,106.420000,108.170000,5.950000,0.058208
2026-03-30 14:00,102.210000,102.340000,101.150000,101.860000,108.170000,108.200000,107.040000,107.530000,5.670000,0.055665
2026-03-30 15:00,101.860000,102.850000,101.330000,102.790000,107.530000,107.830000,106.500000,107.450000,4.660000,0.045335
2026-03-30 16:00,102.760000,103.660000,102.240000,102.690000,107.430000,108.010000,106.820000,107.160000,4.470000,0.043529
2026-03-30 17:00,102.690000,103.540000,102.480000,103.120000,107.150000,107.900000,107.010000,107.570000,4.450000,0.043154
2026-03-30 18:00,103.150000,103.180000,102.170000,103.070000,107.580000,107.660000,106.860000,107.600000,4.530000,0.043951
2026-03-30 19:00,103.090000,104.160000,102.960000,103.900000,107.600000,108.270000,107.500000,108.080000,4.180000,0.040231
2026-03-30 20:00,103.920000,105.270000,103.890000,104.770000,108.050000,108.820000,108.050000,108.560000,3.790000,0.036174
2026-03-30 21:00,104.760000,105.080000,104.470000,104.610000,108.590000,108.710000,107.510000,108.390000,3.780000,0.036134
2026-03-30 22:00,104.620000,105.450000,104.310000,105.390000,108.300000,109.150000,108.210000,109.150000,3.760000,0.035677
2026-03-30 23:00,105.400000,106.630000,105.300000,105.930000,109.130000,110.070000,109.120000,109.240000,3.310000,0.031247
2026-03-31 00:00,105.960000,106.270000,103.840000,103.850000,109.240000,109.850000,107.830000,107.850000,4.000000,0.038517
2026-03-31 01:00,103.880000,104.710000,100.690000,101.530000,107.860000,108.600000,104.500000,105.360000,3.830000,0.037723
2026-03-31 02:00,101.510000,102.520000,101.290000,102.170000,105.310000,106.530000,105.220000,106.170000,4.000000,0.039150
2026-03-31 03:00,102.190000,103.040000,101.470000,102.810000,106.230000,107.500000,105.650000,107.270000,4.460000,0.043381
2026-03-31 04:00,102.810000,102.920000,102.390000,102.620000,107.280000,107.300000,106.850000,107.080000,4.460000,0.043461
2026-03-31 05:00,102.600000,103.340000,102.350000,102.610000,107.050000,107.780000,106.560000,106.980000,4.370000,0.042588
2026-03-31 06:00,102.630000,102.950000,102.330000,102.520000,106.970000,107.430000,106.760000,106.820000,4.300000,0.041943
2026-03-31 07:00,102.510000,103.290000,101.680000,101.930000,106.830000,107.390000,106.130000,106.220000,4.290000,0.042088
2026-03-31 08:00,101.950000,102.850000,101.790000,102.370000,106.220000,107.350000,106.000000,106.590000,4.220000,0.041223
2026-03-31 09:00,102.350000,104.170000,101.210000,104.020000,106.560000,107.950000,105.780000,107.750000,3.730000,0.035858
2026-03-31 10:00,104.040000,104.890000,103.460000,104.690000,107.750000,107.960000,107.140000,107.730000,3.040000,0.029038
2026-03-31 11:00,104.710000,104.990000,102.420000,102.680000,107.730000,108.130000,106.470000,106.790000,4.110000,0.040027
2026-03-31 12:00,102.640000,103.910000,102.240000,103.110000,106.800000,108.130000,106.720000,107.400000,4.290000,0.041606
2026-03-31 13:00,103.080000,103.730000,102.090000,102.370000,107.420000,107.810000,106.410000,106.640000,4.270000,0.041711
2026-03-31 14:00,102.410000,104.260000,101.920000,104.140000,106.630000,107.900000,106.460000,107.880000,3.740000,0.035913
2026-03-31 15:00,104.130000,104.610000,103.360000,104.430000,107.840000,107.930000,106.680000,107.170000,2.740000,0.026238
2026-03-31 16:00,104.430000,104.890000,99.810000,101.720000,107.210000,107.620000,102.370000,104.700000,2.980000,0.029296
2026-03-31 17:00,101.730000,102.470000,99.530000,102.260000,104.700000,104.900000,102.810000,104.700000,2.440000,0.023861
2026-03-31 18:00,102.280000,102.370000,100.760000,102.260000,104.700000,104.800000,103.500000,104.650000,2.390000,0.023372
2026-03-31 19:00,102.260000,102.380000,101.490000,101.890000,104.670000,104.770000,104.010000,104.200000,2.310000,0.022672
2026-03-31 20:00,101.950000,102.000000,100.430000,101.410000,104.240000,104.290000,102.620000,103.420000,2.010000,0.019821
2026-03-31 21:00,101.380000,101.710000,101.060000,101.240000,103.440000,103.890000,103.420000,103.600000,2.360000,0.023311
2026-03-31 22:00,101.220000,102.690000,101.220000,101.990000,103.620000,104.980000,103.450000,104.610000,2.620000,0.025689
2026-03-31 23:00,101.980000,102.030000,101.370000,101.370000,104.570000,104.640000,103.510000,103.550000,2.180000,0.021505
2026-04-01 00:00,101.380000,102.360000,101.330000,101.880000,103.510000,104.620000,103.400000,104.240000,2.360000,0.023165
2026-04-01 01:00,101.870000,102.970000,101.650000,102.720000,104.210000,105.710000,104.010000,105.580000,2.860000,0.027843
2026-04-01 02:00,102.720000,103.030000,102.250000,102.880000,105.560000,105.580000,104.970000,105.410000,2.530000,0.024592
2026-04-01 03:00,102.870000,103.190000,102.610000,102.830000,105.410000,105.500000,104.920000,105.130000,2.300000,0.022367
2026-04-01 04:00,102.810000,103.040000,102.270000,102.330000,105.120000,105.290000,104.480000,104.520000,2.190000,0.021401
2026-04-01 05:00,102.270000,102.480000,100.780000,101.100000,104.500000,104.640000,102.730000,103.200000,2.100000,0.020772
2026-04-01 06:00,101.110000,101.160000,96.612000,96.857000,103.180000,103.310000,98.237000,98.644000,1.787000,0.018450
2026-04-01 07:00,96.843000,98.524000,96.386000,98.330000,98.671000,101.610000,98.298000,101.160000,2.830000,0.028781
2026-04-01 08:00,98.330000,99.367000,97.816000,99.260000,101.100000,102.530000,100.790000,102.390000,3.130000,0.031533
2026-04-01 09:00,99.241000,100.550000,99.017000,99.933000,102.400000,103.780000,102.100000,103.580000,3.647000,0.036494
2026-04-01 10:00,99.921000,100.480000,99.364000,99.853000,103.560000,103.880000,102.470000,102.880000,3.027000,0.030315
2026-04-01 11:00,99.853000,100.030000,98.297000,98.690000,102.850000,102.980000,101.060000,101.630000,2.940000,0.029790
2026-04-01 12:00,98.695000,100.740000,98.007000,100.440000,101.620000,102.700000,100.620000,102.460000,2.020000,0.020112
2026-04-01 13:00,100.430000,100.840000,98.324000,98.807000,102.460000,102.830000,100.410000,101.080000,2.273000,0.023004
2026-04-01 14:00,98.825000,99.354000,98.088000,98.842000,101.060000,101.910000,100.870000,101.340000,2.498000,0.025273
2026-04-01 15:00,98.898000,100.100000,98.784000,99.433000,101.290000,102.170000,101.270000,101.860000,2.427000,0.024408
2026-04-01 16:00,99.443000,100.550000,99.352000,99.789000,101.870000,102.420000,101.470000,101.570000,1.781000,0.017848
2026-04-01 17:00,99.769000,99.789000,98.354000,99.095000,101.580000,101.580000,99.806000,100.440000,1.345000,0.013573
2026-04-01 18:00,99.095000,100.410000,98.951000,99.703000,100.430000,101.600000,100.170000,101.120000,1.417000,0.014212
2026-04-01 19:00,99.678000,99.766000,98.756000,99.384000,101.120000,101.300000,100.190000,100.920000,1.536000,0.015455
2026-04-01 20:00,99.388000,99.853000,98.631000,98.749000,100.920000,101.280000,100.130000,100.250000,1.501000,0.015200
2026-04-01 21:00,98.807000,99.269000,98.662000,98.997000,100.340000,100.610000,100.280000,100.510000,1.513000,0.015283
2026-04-01 22:00,98.998000,99.133000,98.472000,98.946000,100.500000,100.660000,100.120000,100.650000,1.704000,0.017222
2026-04-01 23:00,98.957000,99.066000,98.531000,98.825000,100.640000,100.800000,100.220000,100.540000,1.715000,0.017354
2026-04-02 00:00,98.770000,98.896000,97.470000,97.912000,100.570000,100.620000,99.065000,99.424000,1.512000,0.015442
2026-04-02 01:00,97.905000,104.350000,97.708000,103.960000,99.440000,106.240000,99.161000,105.800000,1.840000,0.017699
2026-04-02 02:00,103.950000,104.480000,103.400000,103.620000,105.810000,106.390000,105.410000,105.720000,2.100000,0.020266
2026-04-02 03:00,103.680000,104.730000,103.580000,104.640000,105.720000,106.710000,105.520000,106.590000,1.950000,0.018635
2026-04-02 04:00,104.650000,105.520000,104.520000,104.850000,106.590000,108.090000,106.500000,107.070000,2.220000,0.021173
2026-04-02 05:00,104.820000,106.030000,104.380000,105.990000,107.080000,107.920000,106.390000,107.880000,1.890000,0.017832
2026-04-02 06:00,105.990000,106.660000,105.760000,105.930000,107.880000,108.330000,107.250000,107.630000,1.700000,0.016048
2026-04-02 07:00,105.910000,106.520000,105.720000,106.090000,107.600000,108.010000,107.240000,107.670000,1.580000,0.014893
2026-04-02 08:00,106.080000,107.120000,105.920000,107.060000,107.710000,108.860000,107.530000,108.830000,1.770000,0.016533
2026-04-02 09:00,107.070000,107.900000,106.800000,107.490000,108.830000,109.120000,108.230000,108.400000,0.910000,0.008466
2026-04-02 10:00,107.490000,108.400000,107.310000,108.170000,108.370000,109.290000,107.990000,109.140000,0.970000,0.008967
2026-04-02 11:00,108.170000,109.710000,108.120000,109.560000,109.140000,109.650000,108.830000,109.060000,-0.500000,-0.004564
2026-04-02 12:00,109.580000,112.980000,109.170000,112.820000,109.030000,109.390000,108.430000,108.770000,-4.050000,-0.035898
2026-04-02 13:00,112.790000,113.500000,110.340000,110.680000,108.710000,109.650000,108.070000,108.140000,-2.540000,-0.022949
2026-04-02 14:00,110.670000,111.380000,106.410000,108.460000,108.160000,108.510000,105.000000,106.080000,-2.380000,-0.021944
2026-04-02 15:00,108.500000,111.690000,108.060000,111.090000,106.130000,108.060000,105.670000,107.430000,-3.660000,-0.032946
2026-04-02 16:00,111.070000,111.740000,109.960000,110.460000,107.460000,107.910000,106.950000,107.500000,-2.960000,-0.026797
2026-04-02 17:00,110.440000,111.330000,109.420000,110.990000,107.520000,108.540000,107.040000,108.270000,-2.720000,-0.024507
2026-04-02 18:00,110.970000,111.660000,110.190000,110.470000,108.230000,108.780000,107.750000,107.880000,-2.590000,-0.023445
2026-04-02 19:00,110.440000,111.150000,110.140000,110.950000,107.820000,108.280000,107.210000,107.970000,-2.980000,-0.026859
2026-04-02 20:00,110.910000,111.320000,110.800000,111.260000,107.960000,108.520000,107.920000,108.360000,-2.900000,-0.026065
2026-04-02 21:00,111.260000,111.400000,110.940000,111.300000,108.410000,108.490000,106.960000,108.340000,-2.960000,-0.026595
2026-04-02 22:00,111.320000,111.630000,111.050000,111.410000,108.310000,108.340000,107.910000,108.270000,-3.140000,-0.028184
2026-04-02 23:00,111.430000,111.440000,111.020000,111.250000,108.260000,108.300000,107.920000,108.150000,-3.100000,-0.027865
2026-04-03 00:00,111.310000,111.340000,110.620000,110.920000,108.110000,108.530000,107.620000,108.050000,-2.870000,-0.025875
2026-04-03 01:00,110.920000,111.660000,110.810000,111.380000,108.040000,108.700000,108.000000,108.250000,-3.130000,-0.028102
2026-04-03 02:00,111.370000,111.810000,111.100000,111.720000,108.250000,108.730000,108.180000,108.730000,-2.990000,-0.026763
2026-04-03 03:00,111.680000,112.050000,111.420000,111.680000,108.660000,108.980000,108.180000,108.420000,-3.260000,-0.029191
2026-04-03 04:00,111.660000,111.740000,110.860000,111.320000,108.410000,108.540000,108.180000,108.300000,-3.020000,-0.027129
2026-04-03 05:00,111.320000,111.480000,111.130000,111.380000,108.310000,108.490000,108.240000,108.330000,-3.050000,-0.027384
2026-04-03 06:00,111.380000,111.580000,111.260000,111.500000,108.330000,108.770000,108.260000,108.560000,-2.940000,-0.026368
2026-04-03 07:00,111.500000,111.560000,111.290000,111.440000,108.580000,108.740000,108.420000,108.570000,-2.870000,-0.025754
2026-04-03 08:00,111.460000,111.510000,110.750000,111.110000,108.570000,108.610000,108.200000,108.410000,-2.700000,-0.024300
2026-04-03 09:00,111.110000,111.170000,110.750000,111.040000,108.450000,108.640000,108.310000,108.530000,-2.510000,-0.022604
2026-04-03 10:00,111.010000,111.070000,110.580000,110.860000,108.500000,108.560000,108.350000,108.440000,-2.420000,-0.021829
2026-04-03 11:00,110.860000,110.870000,110.520000,110.670000,108.440000,108.490000,108.120000,108.200000,-2.470000,-0.022319
2026-04-03 12:00,110.690000,111.220000,110.670000,111.060000,108.150000,108.570000,108.140000,108.540000,-2.520000,-0.022690
2026-04-03 13:00,111.010000,111.440000,111.010000,111.400000,108.530000,109.410000,108.340000,109.200000,-2.200000,-0.019749
2026-04-03 14:00,111.350000,113.350000,111.140000,111.940000,109.230000,109.470000,108.950000,109.180000,-2.760000,-0.024656
2026-04-03 15:00,111.890000,111.960000,111.290000,111.760000,109.230000,109.800000,109.140000,109.510000,-2.250000,-0.020132
2026-04-03 16:00,111.720000,112.290000,111.700000,112.020000,109.530000,109.960000,109.180000,109.410000,-2.610000,-0.023299
2026-04-03 17:00,112.010000,112.470000,111.900000,112.080000,109.420000,110.290000,109.400000,109.790000,-2.290000,-0.020432
2026-04-03 18:00,112.100000,112.150000,111.650000,111.730000,109.820000,110.000000,109.400000,109.530000,-2.200000,-0.019690
2026-04-03 19:00,111.700000,112.040000,111.670000,111.980000,109.560000,109.930000,109.500000,109.740000,-2.240000,-0.020004
2026-04-03 20:00,111.950000,112.400000,111.690000,111.880000,109.730000,110.340000,109.620000,109.820000,-2.060000,-0.018413
2026-04-03 21:00,111.880000,111.950000,111.190000,111.390000,109.820000,110.420000,109.560000,109.900000,-1.490000,-0.013376
2026-04-03 22:00,111.390000,111.870000,111.240000,111.800000,109.900000,110.000000,109.600000,109.950000,-1.850000,-0.016547
2026-04-03 23:00,111.800000,111.960000,111.510000,111.660000,109.960000,110.190000,109.810000,110.070000,-1.590000,-0.014240
2026-04-04 00:00,111.650000,111.650000,111.130000,111.330000,110.100000,110.160000,109.880000,109.890000,-1.440000,-0.012935
2026-04-04 01:00,111.340000,111.460000,111.140000,111.190000,109.900000,110.000000,109.750000,109.850000,-1.340000,-0.012051
2026-04-04 02:00,111.190000,111.350000,111.130000,111.220000,109.840000,110.140000,109.660000,110.030000,-1.190000,-0.010700
2026-04-04 03:00,111.190000,111.380000,111.160000,111.210000,110.020000,110.200000,109.780000,109.950000,-1.260000,-0.011330
2026-04-04 04:00,111.210000,111.210000,110.910000,110.970000,109.950000,109.980000,109.730000,109.810000,-1.160000,-0.010453
2026-04-04 05:00,110.960000,111.140000,110.910000,111.020000,109.800000,110.230000,109.680000,109.940000,-1.080000,-0.009728
2026-04-04 06:00,111.020000,111.210000,110.960000,111.210000,109.900000,110.230000,109.880000,110.010000,-1.200000,-0.010790
2026-04-04 07:00,111.200000,111.400000,111.080000,111.350000,110.000000,110.030000,109.730000,109.790000,-1.560000,-0.014010
2026-04-04 08:00,111.340000,111.460000,111.180000,111.430000,109.790000,110.120000,109.680000,109.790000,-1.640000,-0.014718
2026-04-04 09:00,111.440000,111.520000,111.330000,111.480000,109.800000,110.170000,109.790000,110.170000,-1.310000,-0.011751
2026-04-04 10:00,111.480000,111.720000,111.280000,111.670000,110.090000,110.220000,109.780000,109.790000,-1.880000,-0.016835
2026-04-04 11:00,111.700000,111.740000,111.550000,111.650000,109.820000,110.590000,109.820000,110.110000,-1.540000,-0.013793
2026-04-04 12:00,111.660000,111.700000,111.570000,111.600000,110.090000,110.120000,109.850000,109.850000,-1.750000,-0.015681
2026-04-04 13:00,111.620000,111.620000,111.270000,111.610000,109.900000,109.910000,109.360000,109.730000,-1.880000,-0.016844
2026-04-04 14:00,111.580000,111.740000,111.390000,111.680000,109.700000,110.140000,109.590000,110.040000,-1.640000,-0.014685
2026-04-04 15:00,111.690000,111.800000,111.650000,111.740000,110.040000,110.100000,109.990000,110.060000,-1.680000,-0.015035
2026-04-04 16:00,111.740000,112.000000,111.720000,111.970000,110.060000,110.090000,109.830000,109.830000,-2.140000,-0.019112
2026-04-04 17:00,111.970000,112.060000,111.760000,111.990000,109.840000,110.250000,109.420000,109.890000,-2.100000,-0.018752
2026-04-04 18:00,111.980000,112.110000,111.880000,111.950000,109.910000,109.970000,109.770000,109.810000,-2.140000,-0.019116
2026-04-04 19:00,111.950000,112.010000,111.760000,111.870000,109.830000,109.830000,109.520000,109.770000,-2.100000,-0.018772
2026-04-04 20:00,111.870000,112.080000,111.860000,111.950000,109.760000,109.830000,109.510000,109.720000,-2.230000,-0.019920
2026-04-04 21:00,111.920000,112.080000,111.880000,112.070000,109.720000,109.870000,109.500000,109.610000,-2.460000,-0.021951
2026-04-04 22:00,112.070000,112.160000,111.950000,112.040000,109.650000,109.750000,109.610000,109.700000,-2.340000,-0.020885
2026-04-04 23:00,112.010000,112.200000,112.010000,112.120000,109.680000,109.830000,109.680000,109.700000,-2.420000,-0.021584
2026-04-05 00:00,112.120000,112.320000,112.010000,112.100000,109.700000,109.870000,109.660000,109.850000,-2.250000,-0.020071
2026-04-05 01:00,112.100000,112.370000,112.070000,112.190000,109.820000,109.890000,109.670000,109.860000,-2.330000,-0.020768
2026-04-05 02:00,112.210000,112.320000,111.890000,112.130000,109.850000,109.950000,109.720000,109.920000,-2.210000,-0.019709
2026-04-05 03:00,112.160000,112.370000,111.800000,112.370000,109.920000,110.050000,109.870000,110.040000,-2.330000,-0.020735
2026-04-05 04:00,112.370000,112.590000,112.030000,112.550000,110.040000,110.130000,110.040000,110.130000,-2.420000,-0.021502
2026-04-05 05:00,112.550000,112.640000,112.420000,112.500000,110.130000,110.140000,110.000000,110.090000,-2.410000,-0.021422
2026-04-05 06:00,112.540000,113.000000,112.500000,112.700000,110.090000,110.180000,110.010000,110.100000,-2.600000,-0.023070
2026-04-05 07:00,112.690000,112.800000,112.220000,112.520000,110.080000,110.180000,110.060000,110.150000,-2.370000,-0.021063
2026-04-05 08:00,112.520000,112.670000,112.410000,112.610000,110.120000,110.200000,110.100000,110.200000,-2.410000,-0.021401
2026-04-05 09:00,112.610000,112.700000,112.340000,112.450000,110.190000,110.200000,109.840000,110.040000,-2.410000,-0.021432
2026-04-05 10:00,112.450000,112.750000,112.380000,112.710000,110.040000,110.230000,109.980000,110.230000,-2.480000,-0.022003
2026-04-05 11:00,112.710000,113.000000,112.620000,112.940000,110.200000,110.410000,110.170000,110.250000,-2.690000,-0.023818
2026-04-05 12:00,112.920000,113.670000,112.800000,113.670000,110.250000,110.890000,110.240000,110.880000,-2.790000,-0.024545
2026-04-05 13:00,113.670000,114.000000,113.240000,113.490000,110.880000,111.030000,110.470000,110.640000,-2.850000,-0.025112
2026-04-05 14:00,113.500000,113.530000,112.860000,113.020000,110.640000,110.800000,110.380000,110.650000,-2.370000,-0.020970
2026-04-05 15:00,113.030000,113.270000,111.920000,112.200000,110.640000,110.860000,110.000000,110.090000,-2.110000,-0.018806
2026-04-05 16:00,112.170000,112.910000,112.110000,112.470000,110.100000,110.750000,110.100000,110.450000,-2.020000,-0.017960
2026-04-05 17:00,112.460000,113.200000,112.390000,112.890000,110.450000,110.980000,110.430000,110.710000,-2.180000,-0.019311
2026-04-05 18:00,112.890000,113.400000,112.770000,113.000000,110.740000,110.920000,110.600000,110.620000,-2.380000,-0.021062
2026-04-05 19:00,113.010000,113.010000,112.070000,112.750000,110.670000,110.670000,110.100000,110.290000,-2.460000,-0.021818
2026-04-05 20:00,112.750000,112.840000,112.440000,112.530000,110.310000,110.310000,110.110000,110.190000,-2.340000,-0.020794
2026-04-05 21:00,112.530000,112.690000,112.170000,112.500000,110.210000,110.530000,110.010000,110.190000,-2.310000,-0.020533
2026-04-05 22:00,112.470000,114.810000,112.170000,112.940000,110.140000,111.560000,108.550000,110.610000,-2.330000,-0.020630
2026-04-05 23:00,112.950000,113.690000,112.130000,113.590000,110.590000,110.980000,109.580000,110.950000,-2.640000,-0.023241
2026-04-06 00:00,113.580000,113.620000,111.270000,111.630000,110.960000,110.960000,109.830000,109.970000,-1.660000,-0.014871
2026-04-06 01:00,111.640000,112.280000,110.860000,111.270000,109.960000,110.480000,109.680000,110.130000,-1.140000,-0.010245
2026-04-06 02:00,111.260000,111.420000,108.790000,110.820000,110.110000,110.220000,108.450000,109.470000,-1.350000,-0.012182
2026-04-06 03:00,110.810000,111.630000,110.590000,110.720000,109.450000,109.890000,109.110000,109.320000,-1.400000,-0.012645
2026-04-06 04:00,110.700000,110.940000,110.180000,110.700000,109.320000,109.340000,108.960000,109.270000,-1.430000,-0.012918
2026-04-06 05:00,110.720000,111.460000,110.380000,111.150000,109.250000,109.650000,109.100000,109.430000,-1.720000,-0.015475
2026-04-06 06:00,111.170000,111.740000,110.050000,110.260000,109.400000,109.970000,108.860000,108.940000,-1.320000,-0.011972
2026-04-06 07:00,110.240000,111.000000,108.140000,108.820000,108.910000,109.250000,106.940000,107.730000,-1.090000,-0.010017
2026-04-06 08:00,108.810000,109.540000,108.340000,108.970000,107.720000,108.500000,107.210000,107.260000,-1.710000,-0.015692
2026-04-06 09:00,108.980000,111.200000,108.470000,110.990000,107.220000,108.400000,106.170000,108.210000,-2.780000,-0.025047
2026-04-06 10:00,111.040000,111.050000,109.070000,109.350000,108.170000,108.390000,107.300000,107.590000,-1.760000,-0.016095
2026-04-06 11:00,109.370000,109.980000,109.040000,109.610000,107.590000,108.520000,107.350000,108.380000,-1.230000,-0.011222
2026-04-06 12:00,109.640000,110.400000,109.490000,109.640000,108.330000,108.750000,107.860000,107.940000,-1.700000,-0.015505
2026-04-06 13:00,109.650000,112.560000,109.390000,111.330000,107.940000,109.090000,107.670000,108.880000,-2.450000,-0.022007
2026-04-06 14:00,111.370000,112.150000,109.770000,110.430000,108.910000,109.410000,107.650000,108.470000,-1.960000,-0.017749
2026-04-06 15:00,110.410000,112.100000,110.300000,111.330000,108.510000,109.660000,108.260000,109.130000,-2.200000,-0.019761
2026-04-06 16:00,111.320000,111.660000,110.550000,111.620000,109.110000,109.260000,108.260000,109.200000,-2.420000,-0.021681
2026-04-06 17:00,111.620000,113.610000,111.590000,113.490000,109.230000,110.660000,109.200000,110.510000,-2.980000,-0.026258
2026-04-06 18:00,113.490000,113.640000,111.090000,111.650000,110.500000,110.700000,108.910000,109.350000,-2.300000,-0.020600
2026-04-06 19:00,111.620000,112.420000,111.360000,111.890000,109.320000,109.800000,108.590000,109.190000,-2.700000,-0.024131
2026-04-06 20:00,111.910000,112.630000,111.690000,112.150000,109.160000,109.600000,109.020000,109.350000,-2.800000,-0.024967
2026-04-06 21:00,112.190000,112.370000,112.140000,112.300000,109.350000,109.640000,109.180000,109.380000,-2.920000,-0.026002
2026-04-06 22:00,112.280000,113.040000,112.100000,112.760000,109.370000,109.810000,109.110000,109.650000,-3.110000,-0.027581
2026-04-06 23:00,112.770000,113.400000,112.430000,113.220000,109.690000,110.120000,109.390000,110.050000,-3.170000,-0.027999
2026-04-07 00:00,113.260000,113.290000,112.110000,112.770000,109.990000,110.160000,109.210000,109.780000,-2.990000,-0.026514
2026-04-07 01:00,112.750000,114.590000,112.150000,114.320000,109.800000,111.030000,108.770000,110.910000,-3.410000,-0.029829
2026-04-07 02:00,114.330000,114.870000,113.860000,114.300000,110.890000,111.040000,110.510000,110.660000,-3.640000,-0.031846
2026-04-07 03:00,114.300000,115.170000,114.160000,115.040000,110.660000,111.370000,110.500000,111.150000,-3.890000,-0.033814
2026-04-07 04:00,115.040000,115.860000,114.440000,114.810000,111.150000,111.490000,110.630000,110.780000,-4.030000,-0.035101
2026-04-07 05:00,114.810000,115.390000,114.240000,114.550000,110.800000,111.300000,110.500000,110.720000,-3.830000,-0.033435
2026-04-07 06:00,114.600000,115.020000,114.030000,114.240000,110.710000,111.250000,110.550000,110.840000,-3.400000,-0.029762
2026-04-07 07:00,114.210000,115.000000,113.960000,114.770000,110.840000,111.200000,110.540000,111.150000,-3.620000,-0.031541
2026-04-07 08:00,114.760000,114.780000,111.720000,112.070000,111.170000,111.200000,108.790000,109.010000,-3.060000,-0.027304
2026-04-07 09:00,112.060000,112.440000,110.640000,111.940000,109.020000,109.200000,107.020000,108.670000,-3.270000,-0.029212
2026-04-07 10:00,111.940000,113.900000,111.300000,113.560000,108.650000,110.570000,108.100000,109.940000,-3.620000,-0.031877
2026-04-07 11:00,113.530000,115.140000,113.280000,115.040000,109.920000,110.460000,109.500000,110.380000,-4.660000,-0.040508
2026-04-07 12:00,115.030000,115.650000,113.170000,114.170000,110.350000,110.930000,109.300000,110.020000,-4.150000,-0.036349
2026-04-07 13:00,114.160000,115.390000,113.630000,115.280000,110.000000,110.330000,109.060000,109.920000,-5.360000,-0.046495
2026-04-07 14:00,115.280000,116.120000,114.490000,115.560000,109.900000,110.300000,109.180000,110.290000,-5.270000,-0.045604
2026-04-07 15:00,115.560000,116.650000,113.740000,114.270000,110.290000,110.810000,108.430000,108.860000,-5.410000,-0.047344
2026-04-07 16:00,114.210000,114.790000,112.850000,114.310000,108.870000,109.410000,107.890000,109.300000,-5.010000,-0.043828
2026-04-07 17:00,114.330000,114.930000,112.700000,113.200000,109.290000,110.300000,108.670000,109.390000,-3.810000,-0.033657
2026-04-07 18:00,113.200000,114.660000,111.780000,114.200000,109.390000,109.390000,108.240000,109.210000,-4.990000,-0.043695
2026-04-07 19:00,114.230000,114.500000,109.050000,111.380000,109.200000,109.270000,104.330000,106.510000,-4.870000,-0.043724
2026-04-07 20:00,111.270000,111.500000,109.240000,109.420000,106.450000,106.920000,104.230000,104.700000,-4.720000,-0.043137
2026-04-07 21:00,109.380000,110.490000,106.650000,108.260000,104.710000,104.790000,101.550000,103.230000,-5.030000,-0.046462
2026-04-07 22:00,108.260000,108.300000,96.566000,97.822000,103.220000,103.240000,92.082000,93.338000,-4.484000,-0.045838
2026-04-07 23:00,97.810000,97.811000,90.526000,95.910000,93.284000,94.320000,88.731000,94.253000,-1.657000,-0.017277
2026-04-08 00:00,95.895000,97.607000,93.461000,96.330000,94.253000,95.436000,91.057000,93.962000,-2.368000,-0.024582
2026-04-08 01:00,96.320000,96.798000,95.179000,95.995000,93.962000,94.792000,93.395000,94.090000,-1.905000,-0.019845
2026-04-08 02:00,96.024000,96.659000,95.306000,95.770000,94.090000,95.607000,93.972000,94.810000,-0.960000,-0.010024
2026-04-08 03:00,95.761000,95.937000,94.792000,95.685000,94.810000,94.811000,93.930000,94.020000,-1.665000,-0.017401
2026-04-08 04:00,95.650000,96.365000,94.760000,95.900000,94.013000,95.107000,93.543000,94.380000,-1.520000,-0.015850
2026-04-08 05:00,95.876000,96.027000,94.598000,94.951000,94.360000,94.588000,93.130000,93.289000,-1.662000,-0.017504
2026-04-08 06:00,94.915000,95.210000,93.770000,95.070000,93.298000,93.620000,92.024000,93.410000,-1.660000,-0.017461
2026-04-08 07:00,95.055000,95.709000,94.810000,95.100000,93.420000,94.680000,93.384000,94.160000,-0.940000,-0.009884
2026-04-08 08:00,95.100000,95.799000,94.054000,94.080000,94.170000,95.356000,93.557000,93.809000,-0.271000,-0.002881
2026-04-08 09:00,94.090000,94.516000,93.145000,93.630000,93.799000,94.290000,92.800000,93.821000,0.191000,0.002040
2026-04-08 10:00,93.610000,94.450000,93.001000,93.900000,93.830000,94.555000,93.067000,93.594000,-0.306000,-0.003259
2026-04-08 11:00,93.860000,94.118000,92.140000,92.308000,93.594000,93.685000,91.718000,91.850000,-0.458000,-0.004962
2026-04-08 12:00,92.295000,94.037000,91.098000,91.473000,91.850000,93.205000,90.490000,90.608000,-0.865000,-0.009456
2026-04-08 13:00,91.533000,93.394000,90.653000,92.382000,90.610000,92.388000,89.836000,91.727000,-0.655000,-0.007090
2026-04-08 14:00,92.371000,95.328000,91.582000,94.631000,91.740000,94.640000,91.540000,94.022000,-0.609000,-0.006436
2026-04-08 15:00,94.620000,95.289000,93.622000,93.975000,93.980000,95.180000,93.810000,94.134000,0.159000,0.001692
2026-04-08 16:00,93.998000,94.440000,92.756000,93.248000,94.121000,94.815000,93.506000,93.905000,0.657000,0.007046
2026-04-08 17:00,93.236000,95.014000,92.889000,94.179000,93.908000,95.209000,93.461000,94.447000,0.268000,0.002846
2026-04-08 18:00,94.180000,94.614000,92.555000,94.390000,94.420000,95.274000,93.501000,95.040000,0.650000,0.006886
2026-04-08 19:00,94.425000,95.720000,94.153000,94.876000,95.037000,96.460000,95.019000,95.432000,0.556000,0.005860
2026-04-08 20:00,94.844000,95.139000,94.320000,94.950000,95.432000,95.670000,94.868000,95.164000,0.214000,0.002254
2026-04-08 21:00,94.941000,94.999000,93.645000,94.635000,95.164000,95.407000,94.429000,95.062000,0.427000,0.004512
2026-04-08 22:00,94.631000,96.250000,94.600000,95.191000,95.047000,96.221000,94.998000,95.324000,0.133000,0.001397
2026-04-08 23:00,95.176000,95.512000,94.733000,95.352000,95.294000,95.790000,94.922000,95.607000,0.255000,0.002674
2026-04-09 00:00,95.320000,95.956000,94.524000,95.753000,95.591000,96.653000,95.113000,96.536000,0.783000,0.008177
2026-04-09 01:00,95.788000,96.485000,95.019000,95.076000,96.540000,96.546000,95.569000,95.625000,0.549000,0.005774
2026-04-09 02:00,95.078000,95.355000,94.624000,95.316000,95.614000,95.668000,95.240000,95.521000,0.205000,0.002151
2026-04-09 03:00,95.320000,95.416000,94.718000,95.237000,95.531000,95.558000,95.170000,95.275000,0.038000,0.000399
2026-04-09 04:00,95.199000,95.839000,95.139000,95.812000,95.308000,95.952000,95.260000,95.926000,0.114000,0.001190
2026-04-09 05:00,95.812000,96.035000,95.238000,95.296000,95.934000,96.141000,95.319000,95.425000,0.129000,0.001354
2026-04-09 06:00,95.302000,95.803000,94.871000,95.112000,95.410000,95.891000,95.037000,95.482000,0.370000,0.003890
2026-04-09 07:00,95.096000,96.217000,95.010000,95.980000,95.480000,97.014000,95.373000,96.903000,0.923000,0.009617
2026-04-09 08:00,95.942000,96.181000,95.462000,96.079000,96.912000,96.916000,96.200000,96.710000,0.631000,0.006568
2026-04-09 09:00,96.096000,96.159000,95.405000,95.741000,96.697000,96.759000,95.901000,96.369000,0.628000,0.006559
2026-04-09 10:00,95.741000,97.352000,95.667000,97.258000,96.367000,96.984000,96.200000,96.954000,-0.304000,-0.003126
2026-04-09 11:00,97.230000,97.287000,96.090000,96.635000,96.955000,96.956000,95.842000,96.187000,-0.448000,-0.004636
2026-04-09 12:00,96.586000,97.450000,96.190000,96.948000,96.151000,96.999000,95.977000,96.616000,-0.332000,-0.003425
2026-04-09 13:00,96.937000,98.000000,96.567000,97.944000,96.600000,96.984000,96.117000,96.881000,-1.063000,-0.010853
2026-04-09 14:00,97.900000,99.438000,97.555000,98.797000,96.881000,97.521000,96.397000,97.332000,-1.465000,-0.014828
2026-04-09 15:00,98.792000,99.364000,95.499000,96.100000,97.348000,97.733000,94.447000,94.854000,-1.246000,-0.012966
2026-04-09 16:00,96.117000,96.117000,94.100000,94.857000,94.853000,94.853000,93.391000,93.993000,-0.864000,-0.009108
2026-04-09 17:00,94.878000,95.015000,92.809000,93.772000,93.975000,94.008000,92.429000,93.230000,-0.542000,-0.005780
2026-04-09 18:00,93.771000,95.844000,93.500000,95.404000,93.202000,94.970000,93.120000,94.675000,-0.729000,-0.007641
2026-04-09 19:00,95.391000,96.525000,94.814000,96.309000,94.650000,95.350000,94.200000,95.262000,-1.047000,-0.010871
2026-04-09 20:00,96.309000,96.310000,94.832000,94.871000,95.222000,95.233000,94.098000,94.239000,-0.632000,-0.006662
2026-04-09 21:00,94.871000,96.290000,94.699000,95.428000,94.267000,94.879000,93.627000,94.255000,-1.173000,-0.012292
2026-04-09 22:00,95.428000,95.751000,94.415000,95.571000,94.233000,94.554000,93.461000,94.452000,-1.119000,-0.011709
2026-04-09 23:00,95.590000,95.687000,94.908000,95.234000,94.492000,94.519000,93.990000,94.321000,-0.913000,-0.009587
2026-04-10 00:00,95.236000,95.520000,94.814000,95.320000,94.322000,94.654000,94.109000,94.384000,-0.936000,-0.009820
2026-04-10 01:00,95.314000,95.614000,94.607000,94.930000,94.356000,94.557000,93.575000,93.920000,-1.010000,-0.010639
2026-04-10 02:00,94.942000,95.198000,94.818000,95.006000,93.929000,94.195000,93.766000,93.933000,-1.073000,-0.011294
2026-04-10 03:00,95.028000,95.133000,93.974000,94.230000,93.940000,94.153000,93.495000,93.594000,-0.636000,-0.006749
2026-04-10 04:00,94.231000,94.791000,94.096000,94.722000,93.606000,93.977000,93.540000,93.929000,-0.793000,-0.008372
2026-04-10 05:00,94.722000,95.039000,94.470000,94.926000,93.925000,94.255000,93.826000,94.145000,-0.781000,-0.008227
2026-04-10 06:00,94.920000,95.115000,94.628000,94.829000,94.119000,94.388000,93.742000,94.239000,-0.590000,-0.006222
2026-04-10 07:00,94.880000,96.100000,94.804000,95.780000,94.250000,95.265000,94.197000,94.938000,-0.842000,-0.008791
2026-04-10 08:00,95.774000,96.365000,95.484000,96.189000,94.920000,95.548000,94.620000,95.350000,-0.839000,-0.008722
2026-04-10 09:00,96.190000,96.190000,94.411000,94.870000,95.311000,95.318000,93.595000,93.906000,-0.964000,-0.010161
2026-04-10 10:00,94.880000,95.170000,93.855000,94.341000,93.933000,94.343000,93.020000,93.435000,-0.906000,-0.009603
2026-04-10 11:00,94.340000,94.700000,93.855000,94.300000,93.400000,93.935000,93.236000,93.569000,-0.731000,-0.007752
2026-04-10 12:00,94.291000,94.517000,93.242000,94.280000,93.544000,93.700000,92.598000,93.440000,-0.840000,-0.008910
2026-04-10 13:00,94.280000,94.710000,93.555000,94.430000,93.421000,93.673000,92.738000,93.498000,-0.932000,-0.009870
2026-04-10 14:00,94.420000,94.763000,93.361000,94.292000,93.450000,93.676000,92.611000,93.280000,-1.012000,-0.010733
2026-04-10 15:00,94.301000,95.219000,94.100000,95.125000,93.318000,94.590000,93.180000,94.285000,-0.840000,-0.008830
2026-04-10 16:00,95.125000,95.232000,94.033000,94.244000,94.282000,94.617000,93.800000,93.932000,-0.312000,-0.003311
2026-04-10 17:00,94.244000,94.415000,93.776000,93.940000,93.920000,94.192000,93.478000,93.656000,-0.284000,-0.003023
2026-04-10 18:00,93.930000,94.216000,92.187000,92.525000,93.623000,93.840000,91.455000,92.030000,-0.495000,-0.005350
2026-04-10 19:00,92.510000,92.634000,91.903000,92.520000,92.009000,92.158000,91.653000,92.088000,-0.432000,-0.004669
2026-04-10 20:00,92.526000,92.533000,91.416000,91.500000,92.061000,92.085000,91.213000,91.379000,-0.121000,-0.001322
2026-04-10 21:00,91.500000,92.200000,91.422000,91.923000,91.378000,91.679000,90.938000,91.465000,-0.458000,-0.004982
2026-04-10 22:00,91.896000,92.500000,91.559000,91.900000,91.455000,91.638000,91.273000,91.570000,-0.330000,-0.003591
2026-04-10 23:00,91.900000,92.105000,91.744000,92.030000,91.578000,91.891000,91.500000,91.708000,-0.322000,-0.003499
2026-04-11 00:00,92.017000,92.083000,91.784000,91.854000,91.706000,91.727000,91.536000,91.634000,-0.220000,-0.002395
2026-04-11 01:00,91.847000,92.060000,91.806000,91.946000,91.637000,92.300000,90.983000,91.798000,-0.148000,-0.001610
2026-04-11 02:00,91.934000,92.044000,91.848000,91.950000,91.798000,91.811000,91.664000,91.732000,-0.218000,-0.002371
2026-04-11 03:00,91.950000,91.997000,91.904000,91.922000,91.732000,91.900000,91.688000,91.900000,-0.022000,-0.000239
2026-04-11 04:00,91.935000,92.000000,91.869000,91.930000,91.897000,91.950000,91.714000,91.903000,-0.027000,-0.000294
2026-04-11 05:00,91.930000,92.024000,91.848000,91.968000,91.878000,92.020000,91.770000,91.901000,-0.067000,-0.000729
2026-04-11 06:00,91.960000,92.160000,91.800000,91.857000,91.908000,91.930000,90.125000,91.346000,-0.511000,-0.005563
2026-04-11 07:00,91.850000,91.924000,91.682000,91.810000,91.358000,91.419000,91.049000,91.381000,-0.429000,-0.004673
2026-04-11 08:00,91.790000,91.965000,91.755000,91.918000,91.412000,91.412000,91.260000,91.316000,-0.602000,-0.006549
2026-04-11 09:00,91.924000,91.983000,91.661000,91.670000,91.321000,91.332000,90.955000,91.032000,-0.638000,-0.006960
2026-04-11 10:00,91.670000,91.792000,91.556000,91.690000,91.032000,91.166000,90.930000,90.950000,-0.740000,-0.008071
2026-04-11 11:00,91.681000,91.767000,91.620000,91.671000,90.960000,91.060000,90.867000,90.943000,-0.728000,-0.007941
2026-04-11 12:00,91.680000,91.800000,91.660000,91.680000,90.969000,91.055000,90.918000,91.004000,-0.676000,-0.007373
2026-04-11 13:00,91.680000,91.800000,91.626000,91.750000,91.007000,91.413000,90.946000,91.301000,-0.449000,-0.004894
2026-04-11 14:00,91.766000,91.890000,91.376000,91.450000,91.322000,91.430000,91.069000,91.131000,-0.319000,-0.003488
2026-04-11 15:00,91.463000,91.567000,91.347000,91.396000,91.124000,91.197000,91.041000,91.120000,-0.276000,-0.003020
2026-04-11 16:00,91.396000,91.464000,88.369000,89.481000,91.120000,91.159000,86.927000,89.454000,-0.027000,-0.000302
2026-04-11 17:00,89.509000,90.330000,89.348000,89.888000,89.431000,89.850000,89.332000,89.572000,-0.316000,-0.003515
2026-04-11 18:00,89.888000,89.914000,88.570000,89.200000,89.599000,89.620000,88.732000,88.781000,-0.419000,-0.004697
2026-04-11 19:00,89.191000,89.481000,88.540000,89.246000,88.781000,89.300000,88.265000,88.962000,-0.284000,-0.003182
2026-04-11 20:00,89.210000,90.000000,88.901000,89.822000,88.938000,89.499000,88.709000,89.279000,-0.543000,-0.006045
2026-04-11 21:00,89.860000,89.988000,89.438000,89.670000,89.280000,89.521000,89.055000,89.440000,-0.230000,-0.002565
2026-04-11 22:00,89.670000,90.372000,89.664000,90.074000,89.442000,89.596000,89.100000,89.459000,-0.615000,-0.006828
2026-04-11 23:00,90.080000,90.675000,89.890000,90.123000,89.436000,89.797000,89.310000,89.535000,-0.588000,-0.006524
2026-04-12 00:00,90.123000,90.339000,89.975000,90.012000,89.540000,89.816000,89.128000,89.297000,-0.715000,-0.007943
2026-04-12 01:00,90.012000,94.200000,89.372000,93.433000,89.297000,94.473000,88.866000,93.388000,-0.045000,-0.000482
2026-04-12 02:00,93.433000,93.812000,92.500000,93.100000,93.388000,93.619000,91.952000,92.534000,-0.566000,-0.006079
2026-04-12 03:00,93.107000,93.465000,92.710000,93.080000,92.512000,93.290000,92.407000,92.711000,-0.369000,-0.003964
2026-04-12 04:00,93.051000,93.945000,93.000000,93.588000,92.712000,93.185000,92.703000,92.970000,-0.618000,-0.006603
2026-04-12 05:00,93.628000,94.331000,93.500000,94.084000,92.995000,93.700000,92.931000,93.660000,-0.424000,-0.004507
2026-04-12 06:00,94.125000,94.521000,93.446000,94.203000,93.660000,93.800000,93.405000,93.777000,-0.426000,-0.004522
2026-04-12 07:00,94.171000,94.868000,93.638000,93.826000,93.768000,94.200000,93.578000,93.846000,0.020000,0.000213
2026-04-12 08:00,93.826000,94.346000,93.826000,94.142000,93.840000,94.342000,93.500000,94.232000,0.090000,0.000956
2026-04-12 09:00,94.120000,94.587000,94.054000,94.448000,94.254000,94.418000,94.078000,94.240000,-0.208000,-0.002202
2026-04-12 10:00,94.446000,94.688000,94.270000,94.600000,94.240000,94.476000,94.179000,94.420000,-0.180000,-0.001903
2026-04-12 11:00,94.590000,94.635000,94.209000,94.510000,94.422000,94.620000,94.228000,94.298000,-0.212000,-0.002243
2026-04-12 12:00,94.470000,97.606000,94.353000,96.560000,94.280000,96.077000,94.241000,96.077000,-0.483000,-0.005002
2026-04-12 13:00,96.568000,97.553000,95.605000,96.410000,96.069000,96.077000,95.510000,96.064000,-0.346000,-0.003589
2026-04-12 14:00,96.410000,96.911000,96.120000,96.610000,96.063000,96.710000,96.046000,96.471000,-0.139000,-0.001439
2026-04-12 15:00,96.612000,97.668000,96.455000,96.547000,96.499000,97.584000,96.422000,96.895000,0.348000,0.003604
2026-04-12 16:00,96.596000,97.669000,96.503000,97.491000,96.909000,98.000000,96.865000,97.729000,0.238000,0.002441
2026-04-12 17:00,97.467000,97.500000,96.490000,96.816000,97.746000,97.865000,97.200000,97.277000,0.461000,0.004762
2026-04-12 18:00,96.830000,97.669000,96.399000,97.010000,97.299000,97.900000,97.118000,97.669000,0.659000,0.006793
2026-04-12 19:00,97.010000,97.660000,96.976000,97.214000,97.663000,98.165000,97.657000,98.089000,0.875000,0.009001
2026-04-12 20:00,97.230000,98.592000,97.191000,98.480000,98.051000,100.240000,98.051000,100.140000,1.660000,0.016856
2026-04-12 21:00,98.493000,98.950000,96.374000,97.871000,100.140000,100.880000,99.778000,100.870000,2.999000,0.030642
2026-04-12 22:00,97.871000,99.474000,97.666000,99.070000,100.680000,100.880000,97.431000,98.304000,-0.766000,-0.007732
2026-04-12 23:00,99.070000,99.939000,98.990000,99.037000,98.314000,99.388000,98.303000,98.764000,-0.273000,-0.002757
2026-04-13 00:00,99.075000,99.550000,98.400000,98.400000,98.765000,99.073000,97.850000,97.850000,-0.550000,-0.005589
2026-04-13 01:00,98.412000,98.743000,98.050000,98.397000,97.860000,97.860000,96.655000,97.130000,-1.267000,-0.012876
2026-04-13 02:00,98.402000,99.075000,98.394000,98.884000,97.100000,97.903000,97.095000,97.728000,-1.156000,-0.011690
2026-04-13 03:00,98.879000,99.120000,98.750000,98.923000,97.708000,97.943000,97.586000,97.789000,-1.134000,-0.011463
2026-04-13 04:00,98.918000,99.029000,98.508000,98.727000,97.765000,97.835000,97.578000,97.700000,-1.027000,-0.010402
2026-04-13 05:00,98.712000,98.902000,98.260000,98.391000,97.680000,97.800000,97.334000,97.504000,-0.887000,-0.009015
2026-04-13 06:00,98.379000,98.379000,97.143000,97.396000,97.481000,97.583000,96.858000,97.087000,-0.309000,-0.003173
2026-04-13 07:00,97.420000,98.037000,97.093000,97.971000,97.090000,97.639000,96.691000,97.513000,-0.458000,-0.004675
2026-04-13 08:00,98.019000,98.879000,97.581000,98.652000,97.542000,98.429000,97.247000,98.183000,-0.469000,-0.004754
2026-04-13 09:00,98.644000,98.689000,98.143000,98.480000,98.161000,98.301000,97.744000,97.878000,-0.602000,-0.006113
2026-04-13 10:00,98.481000,98.797000,98.041000,98.102000,97.880000,97.903000,97.271000,97.469000,-0.633000,-0.006452
2026-04-13 11:00,98.053000,98.355000,97.546000,98.335000,97.469000,97.743000,97.218000,97.602000,-0.733000,-0.007454
2026-04-13 12:00,98.334000,98.473000,97.538000,97.848000,97.640000,98.016000,97.010000,97.396000,-0.452000,-0.004619
2026-04-13 13:00,97.834000,97.948000,94.319000,95.892000,97.398000,97.410000,94.063000,95.460000,-0.432000,-0.004505
2026-04-13 14:00,95.893000,96.744000,95.083000,96.213000,95.435000,96.225000,94.928000,95.635000,-0.578000,-0.006008
2026-04-13 15:00,96.210000,97.509000,96.157000,97.342000,95.657000,97.525000,95.569000,97.370000,0.028000,0.000288
2026-04-13 16:00,97.348000,97.375000,94.240000,94.977000,97.360000,97.402000,94.920000,95.413000,0.436000,0.004591
2026-04-13 17:00,94.941000,95.208000,94.032000,94.526000,95.391000,95.587000,94.626000,95.020000,0.494000,0.005226
2026-04-13 18:00,94.510000,94.803000,92.378000,92.471000,95.045000,95.296000,93.309000,93.323000,0.852000,0.009214
2026-04-13 19:00,92.471000,93.399000,92.332000,93.243000,93.356000,94.100000,93.227000,93.758000,0.515000,0.005523
2026-04-13 20:00,93.257000,93.425000,92.900000,93.117000,93.763000,93.815000,93.334000,93.506000,0.389000,0.004178
2026-04-13 21:00,93.133000,93.245000,92.781000,93.000000,93.509000,93.790000,93.354000,93.486000,0.486000,0.005226
2026-04-13 22:00,93.000000,93.167000,92.593000,92.637000,93.518000,93.894000,93.014000,93.297000,0.660000,0.007125
2026-04-13 23:00,92.669000,92.720000,91.260000,91.788000,93.323000,93.409000,92.096000,92.681000,0.893000,0.009729
2026-04-14 00:00,91.770000,92.147000,91.048000,91.180000,92.695000,92.945000,92.000000,92.155000,0.975000,0.010693
2026-04-14 01:00,91.180000,92.419000,91.164000,92.318000,92.190000,93.535000,92.162000,93.452000,1.134000,0.012284
2026-04-14 02:00,92.320000,92.530000,92.010000,92.360000,93.396000,93.706000,93.203000,93.596000,1.236000,0.013382
2026-04-14 03:00,92.366000,92.724000,92.017000,92.271000,93.599000,93.800000,93.054000,93.296000,1.025000,0.011109
2026-04-14 04:00,92.254000,92.263000,91.936000,92.043000,93.253000,93.312000,92.956000,93.114000,1.071000,0.011636
2026-04-14 05:00,92.023000,92.691000,91.901000,92.502000,93.100000,93.762000,93.034000,93.629000,1.127000,0.012184
2026-04-14 06:00,92.502000,93.131000,92.323000,92.920000,93.647000,94.277000,93.317000,94.044000,1.124000,0.012096
2026-04-14 07:00,92.890000,92.964000,91.341000,92.514000,94.035000,94.090000,92.838000,93.756000,1.242000,0.013425
2026-04-14 08:00,92.523000,92.825000,92.227000,92.250000,93.755000,94.101000,93.555000,93.576000,1.326000,0.014374
2026-04-14 09:00,92.230000,92.790000,92.084000,92.621000,93.554000,94.276000,93.340000,94.008000,1.387000,0.014975
2026-04-14 10:00,92.600000,93.091000,92.058000,92.888000,94.003000,94.365000,93.680000,94.173000,1.285000,0.013834
2026-04-14 11:00,92.886000,93.246000,92.002000,92.520000,94.173000,94.412000,93.409000,93.900000,1.380000,0.014916
2026-04-14 12:00,92.500000,92.516000,91.504000,91.667000,93.899000,93.917000,92.732000,92.934000,1.267000,0.013822
2026-04-14 13:00,91.650000,91.949000,90.767000,90.782000,92.900000,93.200000,92.166000,92.257000,1.475000,0.016248
2026-04-14 14:00,90.795000,90.795000,88.650000,89.424000,92.234000,92.235000,90.096000,91.359000,1.935000,0.021638
2026-04-14 15:00,89.450000,90.316000,88.745000,89.101000,91.361000,92.334000,90.980000,91.214000,2.113000,0.023715
2026-04-14 16:00,89.110000,89.296000,88.495000,89.259000,91.214000,91.333000,90.541000,91.045000,1.786000,0.020009
2026-04-14 17:00,89.259000,89.451000,88.638000,89.112000,91.021000,91.300000,90.700000,91.033000,1.921000,0.021557
2026-04-14 18:00,89.104000,89.202000,88.248000,88.801000,91.025000,91.077000,90.370000,90.931000,2.130000,0.023986
2026-04-14 19:00,88.799000,89.080000,88.582000,88.938000,90.912000,91.097000,90.641000,91.010000,2.072000,0.023297
2026-04-14 20:00,88.939000,89.161000,88.720000,88.921000,90.986000,91.058000,90.481000,90.817000,1.896000,0.021322
2026-04-14 21:00,88.913000,89.001000,88.723000,88.936000,90.854000,90.854000,90.443000,90.798000,1.862000,0.020936
2026-04-14 22:00,88.937000,89.163000,88.600000,88.793000,90.822000,91.141000,90.240000,90.570000,1.777000,0.020013
2026-04-14 23:00,88.800000,89.045000,84.509000,87.490000,90.549000,90.751000,86.501000,89.810000,2.320000,0.026517
2026-04-15 00:00,87.520000,88.024000,87.510000,87.702000,89.802000,90.440000,89.777000,90.010000,2.308000,0.026316
2026-04-15 01:00,87.702000,88.064000,87.396000,87.757000,90.008000,90.396000,89.706000,90.119000,2.362000,0.026915
2026-04-15 02:00,87.777000,88.571000,87.686000,88.553000,90.120000,90.852000,90.047000,90.815000,2.262000,0.025544
2026-04-15 03:00,88.552000,88.693000,88.152000,88.191000,90.809000,91.037000,90.541000,90.546000,2.355000,0.026703
2026-04-15 04:00,88.208000,88.999000,88.151000,88.869000,90.549000,91.266000,90.495000,91.136000,2.267000,0.025509
2026-04-15 05:00,88.863000,88.970000,88.470000,88.540000,91.140000,91.328000,90.827000,90.885000,2.345000,0.026485
2026-04-15 06:00,88.535000,88.581000,87.660000,88.220000,90.881000,90.910000,89.985000,90.490000,2.270000,0.025731
2026-04-15 07:00,88.215000,88.714000,88.116000,88.243000,90.490000,91.232000,90.490000,90.765000,2.522000,0.028580
2026-04-15 08:00,88.242000,89.344000,88.026000,88.920000,90.759000,91.832000,90.654000,91.517000,2.597000,0.029206
2026-04-15 09:00,88.918000,89.866000,88.867000,89.556000,91.502000,92.200000,91.453000,91.897000,2.341000,0.026140
2026-04-15 10:00,89.571000,90.488000,89.131000,89.903000,91.879000,92.594000,91.520000,91.852000,1.949000,0.021679
2026-04-15 11:00,89.900000,90.073000,88.665000,89.049000,91.831000,92.060000,90.945000,91.142000,2.093000,0.023504
2026-04-15 12:00,89.065000,89.778000,88.613000,89.161000,91.171000,91.615000,90.950000,91.067000,1.906000,0.021377
2026-04-15 13:00,89.176000,89.412000,87.761000,88.222000,91.067000,91.259000,90.234000,90.520000,2.298000,0.026048
2026-04-15 14:00,88.228000,89.195000,87.791000,89.077000,90.530000,91.419000,90.106000,91.419000,2.342000,0.026292
2026-04-15 15:00,89.066000,89.770000,88.872000,89.160000,91.415000,91.965000,91.256000,91.622000,2.462000,0.027613
2026-04-15 16:00,89.167000,89.316000,88.414000,88.645000,91.624000,91.736000,91.150000,91.417000,2.772000,0.031271
2026-04-15 17:00,88.644000,89.101000,88.325000,88.976000,91.417000,91.561000,90.927000,91.364000,2.388000,0.026839
2026-04-15 18:00,88.977000,89.244000,87.850000,88.023000,91.358000,91.499000,90.451000,90.685000,2.662000,0.030242
2026-04-15 19:00,88.020000,88.020000,87.669000,87.896000,90.663000,90.780000,90.491000,90.660000,2.764000,0.031446
2026-04-15 20:00,87.896000,88.225000,87.882000,88.174000,90.626000,90.848000,90.623000,90.751000,2.577000,0.029226
2026-04-15 21:00,88.142000,88.223000,87.921000,88.073000,90.767000,90.876000,90.585000,90.783000,2.710000,0.030770
2026-04-15 22:00,88.073000,88.240000,87.655000,87.831000,90.741000,90.958000,90.492000,90.591000,2.760000,0.031424
2026-04-15 23:00,87.848000,87.858000,87.517000,87.739000,90.604000,90.616000,90.316000,90.415000,2.676000,0.030500
2026-04-16 00:00,87.736000,87.824000,87.364000,87.769000,90.409000,90.523000,90.213000,90.451000,2.682000,0.030557
2026-04-16 01:00,87.782000,88.159000,87.629000,88.084000,90.470000,90.819000,90.342000,90.768000,2.684000,0.030471
2026-04-16 02:00,88.087000,88.334000,87.942000,88.039000,90.762000,91.040000,90.674000,90.773000,2.734000,0.031054
2026-04-16 03:00,88.039000,88.227000,87.814000,88.188000,90.759000,90.786000,90.540000,90.735000,2.547000,0.028881
2026-04-16 04:00,88.183000,88.385000,88.151000,88.211000,90.700000,90.894000,90.677000,90.749000,2.538000,0.028772
2026-04-16 05:00,88.218000,88.279000,87.879000,87.963000,90.730000,90.814000,90.474000,90.586000,2.623000,0.029819
2026-04-16 06:00,87.967000,88.161000,87.782000,88.102000,90.555000,90.859000,90.440000,90.812000,2.710000,0.030760
2026-04-16 07:00,88.106000,89.406000,88.080000,89.348000,90.791000,91.902000,90.770000,91.861000,2.513000,0.028126
2026-04-16 08:00,89.363000,89.849000,89.189000,89.256000,91.860000,92.304000,91.794000,91.900000,2.644000,0.029623
2026-04-16 09:00,89.263000,89.681000,89.091000,89.520000,91.915000,91.998000,91.608000,91.856000,2.336000,0.026095
2026-04-16 10:00,89.511000,89.547000,88.802000,88.819000,91.846000,91.929000,91.358000,91.381000,2.562000,0.028845
2026-04-16 11:00,88.817000,88.869000,88.284000,88.661000,91.330000,91.455000,91.030000,91.310000,2.649000,0.029878
2026-04-16 12:00,88.636000,89.322000,88.367000,89.289000,91.284000,91.834000,91.070000,91.820000,2.531000,0.028346
2026-04-16 13:00,89.283000,90.491000,88.819000,90.229000,91.797000,92.909000,91.472000,92.622000,2.393000,0.026521
2026-04-16 14:00,90.220000,90.707000,89.970000,90.393000,92.620000,93.261000,92.489000,92.937000,2.544000,0.028144
2026-04-16 15:00,90.385000,90.920000,89.766000,90.297000,92.937000,93.562000,92.472000,92.950000,2.653000,0.029381
2026-04-16 16:00,90.297000,91.351000,90.288000,91.240000,92.937000,93.808000,92.928000,93.731000,2.491000,0.027302
2026-04-16 17:00,91.241000,91.800000,91.079000,91.566000,93.734000,93.898000,93.472000,93.737000,2.171000,0.023710
2026-04-16 18:00,91.554000,91.574000,90.411000,90.435000,93.714000,93.723000,93.012000,93.032000,2.597000,0.028717
2026-04-16 19:00,90.438000,90.661000,89.871000,90.118000,93.006000,93.170000,92.553000,92.800000,2.682000,0.029761
2026-04-16 20:00,90.128000,90.159000,89.576000,89.576000,92.795000,92.817000,92.395000,92.421000,2.845000,0.031761
2026-04-16 21:00,89.615000,89.787000,89.443000,89.722000,92.419000,92.748000,92.340000,92.633000,2.911000,0.032445
2026-04-16 22:00,89.730000,90.153000,89.586000,89.608000,92.664000,92.828000,92.424000,92.463000,2.855000,0.031861
2026-04-16 23:00,89.603000,90.231000,89.602000,90.058000,92.457000,93.031000,92.454000,92.914000,2.856000,0.031713
2026-04-17 00:00,90.047000,90.128000,89.645000,90.111000,92.914000,92.939000,92.521000,92.881000,2.770000,0.030740
2026-04-17 01:00,90.111000,90.274000,89.780000,89.921000,92.880000,93.088000,92.603000,92.729000,2.808000,0.031227
2026-04-17 02:00,89.928000,90.151000,89.813000,89.883000,92.739000,92.884000,92.487000,92.589000,2.706000,0.030106
2026-04-17 03:00,89.883000,90.109000,89.717000,89.897000,92.577000,92.736000,92.399000,92.508000,2.611000,0.029044
2026-04-17 04:00,89.882000,89.926000,89.569000,89.617000,92.501000,92.532000,92.345000,92.367000,2.750000,0.030686
2026-04-17 05:00,89.614000,89.783000,89.404000,89.555000,92.367000,92.484000,92.208000,92.322000,2.767000,0.030897
2026-04-17 06:00,89.528000,90.359000,89.528000,90.185000,92.321000,93.079000,92.315000,92.948000,2.763000,0.030637
2026-04-17 07:00,90.168000,90.321000,89.843000,89.967000,92.900000,93.006000,92.541000,92.676000,2.709000,0.030111
2026-04-17 08:00,89.984000,90.042000,88.822000,89.060000,92.681000,92.838000,91.612000,91.864000,2.804000,0.031484
2026-04-17 09:00,89.059000,89.196000,87.465000,87.690000,91.876000,92.008000,90.624000,90.760000,3.070000,0.035010
2026-04-17 10:00,87.690000,88.087000,87.068000,87.840000,90.793000,91.100000,90.275000,90.832000,2.992000,0.034062
2026-04-17 11:00,87.860000,88.056000,87.470000,87.705000,90.834000,90.943000,90.480000,90.748000,3.043000,0.034696
2026-04-17 12:00,87.700000,87.853000,81.869000,82.448000,90.746000,90.930000,85.567000,86.061000,3.613000,0.043822
2026-04-17 13:00,82.452000,83.260000,80.519000,81.781000,86.061000,86.970000,84.193000,85.171000,3.390000,0.041452
2026-04-17 14:00,81.788000,81.906000,79.029000,80.027000,85.162000,85.402000,83.455000,84.211000,4.184000,0.052282
2026-04-17 15:00,80.028000,81.848000,79.816000,81.196000,84.240000,86.374000,84.089000,85.626000,4.430000,0.054559
2026-04-17 16:00,81.198000,81.864000,80.887000,81.406000,85.627000,86.112000,85.204000,85.665000,4.259000,0.052318
2026-04-17 17:00,81.397000,82.971000,81.348000,81.925000,85.666000,87.085000,85.615000,86.095000,4.170000,0.050900
2026-04-17 18:00,81.903000,83.633000,81.788000,83.317000,86.095000,87.236000,85.943000,86.999000,3.682000,0.044193
2026-04-17 19:00,83.317000,83.501000,82.674000,83.134000,86.999000,87.071000,86.360000,86.762000,3.628000,0.043640
2026-04-17 20:00,83.150000,84.071000,82.998000,84.036000,86.772000,87.649000,86.620000,87.595000,3.559000,0.042351
2026-04-17 21:00,84.020000,84.204000,83.742000,83.762000,87.630000,87.665000,87.170000,87.230000,3.468000,0.041403
2026-04-17 22:00,83.771000,84.455000,83.556000,83.817000,87.246000,87.610000,87.080000,87.304000,3.487000,0.041603
2026-04-17 23:00,83.801000,83.817000,83.644000,83.752000,87.299000,87.413000,87.240000,87.385000,3.633000,0.043378
2026-04-18 00:00,83.751000,83.823000,83.665000,83.790000,87.379000,87.440000,87.267000,87.400000,3.610000,0.043084
2026-04-18 01:00,83.790000,83.825000,83.760000,83.821000,87.399000,87.421000,87.259000,87.342000,3.521000,0.042006
2026-04-18 02:00,83.820000,83.954000,83.462000,83.731000,87.342000,87.385000,87.200000,87.321000,3.590000,0.042875
2026-04-18 03:00,83.730000,83.928000,83.710000,83.860000,87.320000,87.461000,87.305000,87.426000,3.566000,0.042523
2026-04-18 04:00,83.859000,84.000000,83.847000,83.990000,87.428000,87.475000,87.388000,87.445000,3.455000,0.041136
2026-04-18 05:00,83.990000,84.000000,83.934000,83.971000,87.439000,87.520000,87.397000,87.469000,3.498000,0.041657
2026-04-18 06:00,83.971000,84.000000,83.758000,83.779000,87.467000,87.529000,87.388000,87.426000,3.647000,0.043531
2026-04-18 07:00,83.788000,83.959000,83.746000,83.926000,87.426000,87.487000,87.388000,87.404000,3.478000,0.041441
2026-04-18 08:00,83.934000,85.183000,83.915000,84.557000,87.405000,88.312000,87.402000,88.083000,3.526000,0.041700
2026-04-18 09:00,84.573000,85.792000,84.504000,84.839000,88.077000,88.718000,88.000000,88.540000,3.701000,0.043624
2026-04-18 10:00,84.839000,86.560000,84.818000,86.270000,88.536000,89.866000,88.486000,89.450000,3.180000,0.036861
2026-04-18 11:00,86.270000,86.978000,85.281000,85.927000,89.476000,90.272000,89.301000,89.500000,3.573000,0.041582
2026-04-18 12:00,85.922000,86.189000,85.629000,85.828000,89.528000,89.807000,89.200000,89.243000,3.415000,0.039789
2026-04-18 13:00,85.828000,88.100000,85.828000,86.622000,89.241000,91.245000,89.204000,90.196000,3.574000,0.041260
2026-04-18 14:00,86.607000,86.819000,86.000000,86.231000,90.196000,90.377000,89.823000,90.130000,3.899000,0.045216
2026-04-18 15:00,86.210000,86.640000,86.199000,86.310000,90.101000,90.419000,90.101000,90.215000,3.905000,0.045244
2026-04-18 16:00,86.311000,87.135000,86.284000,86.875000,90.217000,90.823000,90.217000,90.480000,3.605000,0.041496
2026-04-18 17:00,86.892000,87.000000,86.062000,86.737000,90.490000,90.713000,90.097000,90.576000,3.839000,0.044260
2026-04-18 18:00,86.736000,87.307000,86.697000,87.004000,90.562000,90.860000,90.521000,90.695000,3.691000,0.042423
2026-04-18 19:00,87.047000,87.205000,86.865000,87.000000,90.716000,91.322000,90.489000,90.821000,3.821000,0.043920
2026-04-18 20:00,87.001000,87.100000,86.641000,86.730000,90.821000,90.931000,90.504000,90.552000,3.822000,0.044068
2026-04-18 21:00,86.726000,86.850000,86.390000,86.600000,90.520000,90.563000,90.150000,90.245000,3.645000,0.042090
2026-04-18 22:00,86.610000,86.707000,84.722000,85.870000,90.246000,90.445000,88.654000,89.731000,3.861000,0.044963
2026-04-18 23:00,85.856000,86.268000,85.447000,86.041000,89.691000,90.000000,89.295000,89.651000,3.610000,0.041957
2026-04-19 00:00,86.051000,86.267000,84.920000,85.354000,89.653000,89.977000,88.433000,88.791000,3.437000,0.040268
2026-04-19 01:00,85.353000,85.739000,84.788000,85.514000,88.792000,89.170000,88.547000,89.013000,3.499000,0.040917
2026-04-19 02:00,85.519000,85.619000,85.064000,85.619000,89.015000,89.142000,88.771000,89.084000,3.465000,0.040470
2026-04-19 03:00,85.619000,85.940000,85.600000,85.795000,89.085000,89.383000,89.085000,89.340000,3.545000,0.041319
2026-04-19 04:00,85.806000,86.253000,85.507000,86.196000,89.328000,89.940000,89.138000,89.787000,3.591000,0.041661
2026-04-19 05:00,86.209000,86.500000,86.051000,86.150000,89.784000,90.240000,89.748000,89.877000,3.727000,0.043262
2026-04-19 06:00,86.145000,86.634000,86.090000,86.555000,89.874000,90.397000,89.804000,90.187000,3.632000,0.041962
2026-04-19 07:00,86.572000,86.825000,86.149000,86.541000,90.189000,90.482000,89.894000,90.239000,3.698000,0.042731
2026-04-19 08:00,86.535000,86.891000,86.429000,86.605000,90.238000,90.792000,90.153000,90.558000,3.953000,0.045644
2026-04-19 09:00,86.590000,87.000000,86.471000,86.930000,90.538000,90.822000,90.442000,90.728000,3.798000,0.043690
2026-04-19 10:00,86.920000,87.056000,86.276000,86.532000,90.740000,90.989000,90.150000,90.255000,3.723000,0.043025
2026-04-19 11:00,86.549000,86.699000,85.805000,86.288000,90.252000,90.541000,89.812000,90.235000,3.947000,0.045742
2026-04-19 12:00,86.321000,87.056000,85.332000,86.212000,90.236000,90.578000,89.407000,89.892000,3.680000,0.042685
2026-04-19 13:00,86.215000,86.400000,85.441000,85.910000,89.898000,90.086000,89.150000,89.557000,3.647000,0.042451
2026-04-19 14:00,85.912000,86.207000,85.251000,85.762000,89.553000,89.774000,89.154000,89.332000,3.570000,0.041627
2026-04-19 15:00,85.736000,85.864000,85.491000,85.600000,89.318000,89.459000,88.938000,89.163000,3.563000,0.041624
2026-04-19 16:00,85.611000,87.794000,85.605000,87.625000,89.200000,91.320000,89.070000,90.998000,3.373000,0.038494
2026-04-19 17:00,87.676000,88.188000,87.140000,87.838000,91.088000,92.389000,90.693000,91.414000,3.576000,0.040711
2026-04-19 18:00,87.848000,88.188000,87.804000,88.186000,91.436000,92.275000,91.363000,91.960000,3.774000,0.042796
2026-04-19 19:00,88.181000,88.950000,87.701000,88.540000,91.934000,92.567000,91.550000,92.044000,3.504000,0.039575
2026-04-19 20:00,88.561000,89.855000,88.561000,89.360000,92.081000,93.280000,92.040000,93.109000,3.749000,0.041954
2026-04-19 21:00,89.375000,90.400000,89.260000,90.150000,93.109000,93.651000,92.500000,93.277000,3.127000,0.034687
2026-04-19 22:00,90.150000,90.209000,87.458000,88.041000,93.288000,93.368000,90.198000,90.960000,2.919000,0.033155
2026-04-19 23:00,88.026000,88.712000,87.904000,88.679000,90.964000,91.504000,90.717000,91.425000,2.746000,0.030966
2026-04-20 00:00,88.678000,88.941000,88.040000,88.132000,91.439000,91.724000,90.748000,90.752000,2.620000,0.029728
2026-04-20 01:00,88.126000,88.162000,86.467000,86.762000,90.758000,90.758000,89.545000,89.687000,2.925000,0.033713
2026-04-20 02:00,86.744000,87.450000,86.641000,87.206000,89.646000,90.166000,89.609000,90.015000,2.809000,0.032211
2026-04-20 03:00,87.205000,87.498000,87.129000,87.444000,90.030000,90.232000,89.972000,90.171000,2.727000,0.031186
2026-04-20 04:00,87.444000,87.886000,87.319000,87.483000,90.168000,90.478000,90.040000,90.192000,2.709000,0.030966
2026-04-20 05:00,87.480000,87.859000,87.387000,87.611000,90.191000,90.427000,89.973000,90.042000,2.431000,0.027748
2026-04-20 06:00,87.624000,88.048000,87.332000,87.444000,90.065000,90.731000,89.866000,90.260000,2.816000,0.032203
2026-04-20 07:00,87.433000,88.264000,86.665000,87.746000,90.254000,91.214000,89.609000,90.650000,2.904000,0.033096
2026-04-20 08:00,87.750000,88.441000,87.432000,87.454000,90.690000,91.230000,90.488000,90.531000,3.077000,0.035184
2026-04-20 09:00,87.485000,87.847000,86.970000,87.635000,90.543000,90.770000,90.022000,90.481000,2.846000,0.032476
2026-04-20 10:00,87.625000,87.664000,86.789000,87.548000,90.483000,90.483000,89.658000,90.279000,2.731000,0.031194
2026-04-20 11:00,87.545000,87.976000,87.018000,87.140000,90.274000,90.618000,89.961000,90.049000,2.909000,0.033383
2026-04-20 12:00,87.150000,87.548000,86.751000,87.024000,90.074000,90.500000,89.911000,90.242000,3.218000,0.036978
2026-04-20 13:00,87.024000,87.527000,85.466000,86.002000,90.237000,90.499000,88.476000,89.293000,3.291000,0.038267
2026-04-20 14:00,86.017000,87.807000,85.999000,87.326000,89.332000,91.200000,89.320000,90.545000,3.219000,0.036862
2026-04-20 15:00,87.326000,87.557000,86.536000,87.343000,90.545000,90.866000,90.127000,90.679000,3.336000,0.038194
2026-04-20 16:00,87.334000,87.689000,87.020000,87.261000,90.690000,90.916000,90.299000,90.452000,3.191000,0.036568
2026-04-20 17:00,87.277000,87.995000,87.110000,87.603000,90.496000,90.941000,90.319000,90.645000,3.042000,0.034725
2026-04-20 18:00,87.586000,87.781000,87.050000,87.381000,90.613000,90.837000,90.190000,90.534000,3.153000,0.036083
2026-04-20 19:00,87.383000,87.426000,86.848000,86.891000,90.531000,90.561000,90.060000,90.085000,3.194000,0.036759
2026-04-20 20:00,86.888000,87.060000,85.647000,85.949000,90.107000,90.209000,89.065000,89.354000,3.405000,0.039617
2026-04-20 21:00,85.949000,86.858000,85.945000,86.446000,89.359000,89.889000,89.135000,89.177000,2.731000,0.031592
2026-04-20 22:00,86.446000,86.573000,85.901000,86.376000,89.181000,90.226000,88.800000,89.850000,3.474000,0.040220
2026-04-20 23:00,86.376000,86.590000,86.189000,86.252000,89.850000,89.992000,89.518000,89.525000,3.273000,0.037947
2026-04-21 00:00,86.251000,86.577000,86.166000,86.501000,89.524000,89.802000,89.300000,89.746000,3.245000,0.037514
2026-04-21 01:00,86.507000,86.738000,86.417000,86.667000,89.783000,90.183000,89.783000,90.130000,3.463000,0.039958
2026-04-21 02:00,86.660000,86.798000,86.530000,86.658000,90.127000,90.196000,89.912000,90.075000,3.417000,0.039431
2026-04-21 03:00,86.655000,86.880000,86.568000,86.726000,90.047000,90.284000,89.974000,90.064000,3.338000,0.038489
2026-04-21 04:00,86.731000,86.733000,86.294000,86.295000,90.070000,90.080000,89.653000,89.670000,3.375000,0.039110
2026-04-21 05:00,86.293000,86.316000,85.728000,86.218000,89.662000,89.700000,89.145000,89.591000,3.373000,0.039122
2026-04-21 06:00,86.205000,86.740000,86.189000,86.643000,89.596000,90.103000,89.573000,89.995000,3.352000,0.038687
2026-04-21 07:00,86.645000,87.471000,85.889000,86.485000,90.012000,90.687000,89.389000,90.097000,3.612000,0.041764
2026-04-21 08:00,86.473000,86.856000,86.032000,86.831000,90.082000,90.484000,89.740000,90.390000,3.559000,0.040988
2026-04-21 09:00,86.834000,87.552000,86.600000,86.725000,90.366000,90.889000,90.209000,90.292000,3.567000,0.041130
2026-04-21 10:00,86.725000,86.819000,86.200000,86.677000,90.271000,90.381000,89.834000,90.110000,3.433000,0.039607
2026-04-21 11:00,86.670000,87.718000,86.670000,87.626000,90.096000,90.815000,90.081000,90.719000,3.093000,0.035298
2026-04-21 12:00,87.626000,87.749000,86.840000,87.362000,90.715000,91.110000,90.286000,90.834000,3.472000,0.039743
2026-04-21 13:00,87.347000,87.347000,86.688000,86.844000,90.827000,90.908000,90.449000,90.566000,3.722000,0.042858
2026-04-21 14:00,86.836000,88.815000,86.836000,88.785000,90.598000,92.132000,90.589000,92.050000,3.265000,0.036774
2026-04-21 15:00,88.796000,90.118000,88.428000,89.805000,92.088000,93.400000,91.824000,93.078000,3.273000,0.036446
2026-04-21 16:00,89.791000,90.458000,89.489000,90.450000,93.042000,93.789000,92.800000,93.786000,3.336000,0.036882
2026-04-21 17:00,90.448000,91.516000,89.089000,89.480000,93.789000,94.732000,92.388000,93.014000,3.534000,0.039495
2026-04-21 18:00,89.495000,89.925000,88.008000,88.832000,93.023000,93.510000,91.769000,92.523000,3.691000,0.041550
2026-04-21 19:00,88.833000,92.270000,88.116000,91.818000,92.509000,95.550000,91.875000,95.067000,3.249000,0.035385
2026-04-21 20:00,91.793000,91.940000,87.884000,90.248000,95.078000,95.150000,91.578000,93.900000,3.652000,0.040466
2026-04-21 21:00,90.248000,90.761000,89.977000,90.163000,93.900000,94.200000,93.703000,93.751000,3.588000,0.039795
2026-04-21 22:00,90.155000,90.680000,89.772000,90.374000,93.788000,94.261000,93.407000,93.837000,3.463000,0.038319
2026-04-21 23:00,90.378000,90.757000,90.349000,90.552000,93.857000,94.183000,93.857000,93.976000,3.424000,0.037813
2026-04-22 00:00,90.536000,90.538000,88.792000,89.857000,93.962000,93.962000,92.527000,93.337000,3.480000,0.038728
2026-04-22 01:00,89.849000,89.849000,89.036000,89.411000,93.337000,93.337000,92.557000,92.868000,3.457000,0.038664
2026-04-22 02:00,89.418000,89.527000,89.179000,89.375000,92.892000,93.000000,92.711000,92.842000,3.467000,0.038792
2026-04-22 03:00,89.378000,89.692000,89.171000,89.318000,92.859000,93.181000,92.684000,92.808000,3.490000,0.039074
2026-04-22 04:00,89.300000,89.635000,89.242000,89.605000,92.812000,93.148000,92.757000,93.090000,3.485000,0.038893
2026-04-22 05:00,89.605000,89.629000,87.666000,88.794000,93.080000,93.140000,91.394000,92.488000,3.694000,0.041602
2026-04-22 06:00,88.785000,88.989000,88.652000,88.722000,92.494000,92.670000,92.365000,92.467000,3.745000,0.042211
2026-04-22 07:00,88.712000,89.428000,88.528000,89.369000,92.467000,93.199000,92.296000,93.183000,3.814000,0.042677
2026-04-22 08:00,89.369000,91.442000,89.234000,90.817000,93.181000,94.935000,93.025000,94.403000,3.586000,0.039486
2026-04-22 09:00,90.818000,91.161000,90.164000,90.877000,94.429000,94.782000,93.785000,94.495000,3.618000,0.039812
2026-04-22 10:00,90.886000,91.014000,89.974000,90.130000,94.520000,94.636000,93.651000,93.876000,3.746000,0.041562
2026-04-22 11:00,90.129000,90.647000,89.834000,90.248000,93.882000,94.435000,93.766000,94.161000,3.913000,0.043358
2026-04-22 12:00,90.237000,91.579000,89.741000,91.430000,94.181000,95.165000,93.764000,94.972000,3.542000,0.038740
2026-04-22 13:00,91.431000,92.075000,90.547000,91.750000,94.962000,95.380000,94.024000,95.182000,3.432000,0.037406
2026-04-22 14:00,91.742000,92.478000,90.980000,92.203000,95.190000,96.128000,94.700000,95.904000,3.701000,0.040140
2026-04-22 15:00,92.229000,93.273000,91.364000,93.132000,95.927000,96.462000,95.221000,96.323000,3.191000,0.034263
2026-04-22 16:00,93.122000,93.739000,92.911000,93.642000,96.313000,96.713000,96.067000,96.604000,2.962000,0.031631
2026-04-22 17:00,93.656000,93.708000,92.444000,92.643000,96.625000,96.665000,95.825000,96.053000,3.410000,0.036808
2026-04-22 18:00,92.635000,93.300000,92.599000,92.928000,96.070000,96.520000,96.070000,96.331000,3.403000,0.036620
2026-04-22 19:00,92.921000,93.091000,92.366000,92.610000,96.346000,96.439000,95.670000,95.857000,3.247000,0.035061
2026-04-22 20:00,92.615000,93.032000,92.455000,92.906000,95.857000,96.300000,95.740000,96.120000,3.214000,0.034594
2026-04-22 21:00,92.905000,92.905000,92.549000,92.700000,96.116000,96.116000,95.727000,95.913000,3.213000,0.034660
2026-04-22 22:00,92.701000,92.894000,92.324000,92.529000,95.915000,96.050000,95.610000,95.791000,3.262000,0.035254
2026-04-22 23:00,92.523000,92.799000,92.411000,92.758000,95.806000,96.018000,95.686000,95.980000,3.222000,0.034736
2026-04-23 00:00,92.751000,97.250000,92.657000,92.947000,95.949000,99.637000,95.892000,96.119000,3.172000,0.034127
2026-04-23 01:00,92.941000,93.696000,92.848000,93.483000,96.119000,96.706000,96.007000,96.447000,2.964000,0.031706
2026-04-23 02:00,93.487000,95.160000,93.467000,95.024000,96.463000,97.995000,96.437000,97.910000,2.886000,0.030371
2026-04-23 03:00,95.064000,95.246000,94.447000,94.565000,97.916000,98.112000,97.355000,97.519000,2.954000,0.031238
2026-04-23 04:00,94.587000,94.668000,94.057000,94.088000,97.548000,97.585000,96.957000,96.986000,2.898000,0.030801
2026-04-23 05:00,94.088000,94.456000,93.873000,93.909000,96.985000,97.371000,96.894000,96.916000,3.007000,0.032020
2026-04-23 06:00,93.899000,94.668000,93.697000,94.450000,96.920000,97.631000,96.695000,97.451000,3.001000,0.031773
2026-04-23 07:00,94.425000,94.725000,93.263000,93.704000,97.436000,97.803000,96.681000,97.138000,3.434000,0.036647
2026-04-23 08:00,93.689000,95.036000,93.680000,94.881000,97.157000,98.350000,97.057000,98.227000,3.346000,0.035265
2026-04-23 09:00,94.881000,95.615000,94.268000,94.913000,98.229000,98.943000,97.682000,98.306000,3.393000,0.035749
2026-04-23 10:00,94.911000,95.031000,93.777000,93.914000,98.293000,98.375000,97.201000,97.335000,3.421000,0.036427
2026-04-23 11:00,93.913000,94.179000,92.988000,93.210000,97.334000,97.534000,96.674000,96.877000,3.667000,0.039341
2026-04-23 12:00,93.206000,94.099000,92.395000,93.241000,96.881000,97.466000,95.927000,96.885000,3.644000,0.039082
2026-04-23 13:00,93.215000,94.442000,93.049000,93.981000,96.888000,97.904000,96.703000,97.624000,3.643000,0.038763
2026-04-23 14:00,94.004000,94.603000,93.076000,93.119000,97.625000,98.089000,97.107000,97.164000,4.045000,0.043439
2026-04-23 15:00,93.101000,94.651000,92.973000,94.424000,97.149000,98.473000,97.064000,98.109000,3.685000,0.039026
2026-04-23 16:00,94.430000,94.687000,93.940000,94.427000,98.098000,98.282000,97.527000,97.985000,3.558000,0.037680
2026-04-23 17:00,94.430000,98.359000,94.411000,96.232000,97.979000,101.420000,97.979000,99.215000,2.983000,0.030998
2026-04-23 18:00,96.210000,96.758000,95.251000,96.655000,99.210000,100.080000,98.521000,99.933000,3.278000,0.033914
2026-04-23 19:00,96.650000,96.923000,95.968000,96.392000,99.944000,100.160000,99.496000,99.954000,3.562000,0.036953
2026-04-23 20:00,96.385000,97.421000,96.382000,97.000000,99.965000,100.870000,99.942000,100.490000,3.490000,0.035979
2026-04-23 21:00,97.004000,97.004000,96.135000,96.554000,100.470000,100.480000,99.926000,100.040000,3.486000,0.036104
2026-04-23 22:00,96.547000,97.310000,96.007000,97.028000,100.040000,100.790000,99.712000,100.510000,3.482000,0.035887
2026-04-23 23:00,97.028000,97.086000,96.662000,96.772000,100.520000,100.560000,100.140000,100.200000,3.428000,0.035423
2026-04-24 00:00,96.771000,97.500000,96.655000,97.145000,100.200000,100.750000,99.935000,100.420000,3.275000,0.033712
2026-04-24 01:00,97.130000,97.549000,96.673000,96.983000,100.420000,100.690000,99.859000,100.170000,3.187000,0.032861
2026-04-24 02:00,96.987000,97.075000,96.380000,96.472000,100.210000,100.280000,99.800000,99.817000,3.345000,0.034673
2026-04-24 03:00,96.477000,96.701000,96.147000,96.588000,99.821000,99.956000,99.354000,99.756000,3.168000,0.032799
2026-04-24 04:00,96.608000,96.685000,95.967000,96.024000,99.744000,99.803000,99.220000,99.277000,3.253000,0.033877
2026-04-24 05:00,95.996000,96.182000,95.708000,95.966000,99.267000,99.408000,98.879000,99.142000,3.176000,0.033095
2026-04-24 06:00,95.947000,96.553000,95.556000,96.523000,99.148000,99.898000,98.852000,99.859000,3.336000,0.034562
2026-04-24 07:00,96.511000,96.782000,96.000000,96.691000,99.848000,100.440000,99.662000,100.320000,3.629000,0.037532
2026-04-24 08:00,96.698000,97.796000,96.698000,96.960000,100.320000,101.310000,100.320000,100.490000,3.530000,0.036407
2026-04-24 09:00,96.959000,97.750000,96.673000,97.688000,100.470000,101.190000,100.190000,101.060000,3.372000,0.034518
2026-04-24 10:00,97.683000,97.683000,96.890000,96.948000,101.060000,101.120000,100.260000,100.290000,3.342000,0.034472
2026-04-24 11:00,96.950000,96.962000,93.663000,94.479000,100.300000,100.300000,97.572000,98.353000,3.874000,0.041004
2026-04-24 12:00,94.489000,96.500000,94.180000,95.936000,98.365000,100.060000,98.198000,99.560000,3.624000,0.037775
2026-04-24 13:00,95.936000,95.936000,94.656000,95.221000,99.550000,99.550000,98.526000,99.244000,4.023000,0.042249
2026-04-24 14:00,95.226000,95.606000,94.704000,95.105000,99.240000,99.632000,98.572000,99.021000,3.916000,0.041176
2026-04-24 15:00,95.100000,95.816000,92.793000,93.568000,99.040000,99.960000,97.613000,98.429000,4.861000,0.051952
2026-04-24 16:00,93.579000,94.474000,93.151000,93.825000,98.450000,99.192000,98.124000,98.646000,4.821000,0.051383
2026-04-24 17:00,93.812000,94.133000,92.855000,93.630000,98.659000,98.943000,97.655000,98.405000,4.775000,0.050999
2026-04-24 18:00,93.625000,94.667000,93.602000,94.256000,98.409000,99.250000,98.393000,98.980000,4.724000,0.050119
2026-04-24 19:00,94.251000,95.224000,94.109000,94.796000,98.983000,100.030000,98.942000,99.738000,4.942000,0.052133
2026-04-24 20:00,94.799000,95.606000,94.799000,94.909000,99.756000,100.550000,99.744000,99.823000,4.914000,0.051776
2026-04-24 21:00,94.910000,95.056000,94.661000,94.808000,99.822000,99.970000,99.573000,99.709000,4.901000,0.051694
2026-04-24 22:00,94.811000,94.836000,94.711000,94.756000,99.715000,99.870000,99.700000,99.794000,5.038000,0.053168
2026-04-24 23:00,94.751000,94.874000,94.660000,94.759000,99.774000,99.917000,99.758000,99.868000,5.109000,0.053916
2026-04-25 00:00,94.758000,94.887000,94.705000,94.856000,99.847000,100.260000,99.825000,100.210000,5.354000,0.056443
2026-04-25 01:00,94.863000,94.982000,94.779000,94.870000,100.230000,100.430000,100.130000,100.390000,5.520000,0.058185
2026-04-25 02:00,94.870000,94.886000,94.803000,94.847000,100.360000,100.600000,100.240000,100.560000,5.713000,0.060234
2026-04-25 03:00,94.849000,95.268000,94.844000,95.138000,100.560000,100.920000,100.550000,100.640000,5.502000,0.057832
2026-04-25 04:00,95.138000,95.138000,95.080000,95.100000,100.640000,100.830000,100.370000,100.800000,5.700000,0.059937
2026-04-25 05:00,95.109000,95.229000,95.087000,95.095000,100.800000,100.980000,100.570000,100.660000,5.565000,0.058520
2026-04-25 06:00,95.096000,95.114000,95.004000,95.064000,100.650000,100.800000,100.580000,100.650000,5.586000,0.058760
2026-04-25 07:00,95.065000,95.065000,94.927000,95.000000,100.650000,100.660000,100.390000,100.440000,5.440000,0.057263
2026-04-25 08:00,95.000000,95.082000,94.915000,94.965000,100.440000,100.770000,100.410000,100.590000,5.625000,0.059232
2026-04-25 09:00,94.968000,95.019000,94.899000,94.991000,100.590000,100.620000,100.410000,100.510000,5.519000,0.058100
2026-04-25 10:00,94.988000,94.990000,94.933000,94.980000,100.520000,100.530000,100.400000,100.400000,5.420000,0.057065
2026-04-25 11:00,94.977000,95.160000,94.930000,95.061000,100.410000,100.690000,100.390000,100.640000,5.579000,0.058689
2026-04-25 12:00,95.062000,95.099000,95.001000,95.049000,100.640000,100.650000,100.470000,100.500000,5.451000,0.057349
2026-04-25 13:00,95.049000,95.078000,95.000000,95.030000,100.500000,100.640000,100.450000,100.480000,5.450000,0.057350
2026-04-25 14:00,95.030000,95.100000,94.958000,95.002000,100.490000,100.770000,100.380000,100.420000,5.418000,0.057030
2026-04-25 15:00,95.000000,95.850000,94.991000,95.639000,100.420000,101.320000,100.340000,101.190000,5.551000,0.058041
2026-04-25 16:00,95.632000,96.836000,95.587000,96.203000,101.190000,102.200000,101.140000,101.600000,5.397000,0.056100
2026-04-25 17:00,96.203000,96.589000,96.200000,96.361000,101.630000,102.130000,101.570000,101.620000,5.259000,0.054576
2026-04-25 18:00,96.361000,96.509000,96.044000,96.090000,101.620000,101.740000,101.250000,101.450000,5.360000,0.055781
2026-04-25 19:00,96.090000,96.280000,96.006000,96.240000,101.470000,101.750000,101.110000,101.580000,5.340000,0.055486
2026-04-25 20:00,96.244000,96.254000,95.919000,95.931000,101.590000,101.610000,101.370000,101.380000,5.449000,0.056801
2026-04-25 21:00,95.945000,95.979000,95.750000,95.870000,101.380000,101.380000,101.160000,101.190000,5.320000,0.055492
2026-04-25 22:00,95.853000,95.870000,95.523000,95.817000,101.200000,101.370000,100.680000,100.930000,5.113000,0.053362
2026-04-25 23:00,95.817000,95.955000,95.771000,95.905000,100.940000,101.010000,100.740000,100.810000,4.905000,0.051144
2026-04-26 00:00,95.907000,95.956000,95.774000,95.844000,100.820000,100.960000,100.750000,100.840000,4.996000,0.052126
2026-04-26 01:00,95.844000,95.855000,95.718000,95.790000,100.810000,100.900000,100.750000,100.850000,5.060000,0.052824
2026-04-26 02:00,95.790000,95.858000,95.700000,95.808000,100.850000,100.910000,100.620000,100.770000,4.962000,0.051791
2026-04-26 03:00,95.806000,95.814000,95.610000,95.736000,100.760000,100.870000,100.650000,100.770000,5.034000,0.052582
2026-04-26 04:00,95.737000,95.799000,95.630000,95.739000,100.770000,100.930000,100.770000,100.900000,5.161000,0.053907
2026-04-26 05:00,95.747000,95.777000,95.650000,95.677000,100.900000,101.200000,100.840000,100.880000,5.203000,0.054381
2026-04-26 06:00,95.676000,95.750000,95.598000,95.676000,100.870000,101.060000,100.810000,100.930000,5.254000,0.054915
2026-04-26 07:00,95.676000,95.807000,95.634000,95.677000,100.940000,100.990000,100.650000,100.690000,5.013000,0.052395
2026-04-26 08:00,95.677000,95.956000,95.601000,95.937000,100.690000,100.990000,100.670000,100.870000,4.933000,0.051419
2026-04-26 09:00,95.938000,96.185000,95.873000,96.153000,100.870000,101.150000,100.860000,101.070000,4.917000,0.051137
2026-04-26 10:00,96.150000,96.200000,96.061000,96.091000,101.080000,101.170000,100.940000,101.100000,5.009000,0.052128
2026-04-26 11:00,96.096000,96.193000,96.091000,96.162000,101.080000,101.160000,100.980000,100.990000,4.828000,0.050207
2026-04-26 12:00,96.162000,96.197000,96.093000,96.168000,100.970000,101.120000,100.900000,101.100000,4.932000,0.051285
2026-04-26 13:00,96.168000,96.199000,95.918000,95.948000,101.070000,101.200000,100.770000,100.810000,4.862000,0.050673
2026-04-26 14:00,95.926000,95.954000,95.599000,95.767000,100.800000,100.820000,100.570000,100.740000,4.973000,0.051928
2026-04-26 15:00,95.779000,96.000000,95.179000,95.303000,100.740000,101.130000,100.370000,100.530000,5.227000,0.054846
2026-04-26 16:00,95.304000,95.486000,94.725000,94.939000,100.530000,100.560000,100.000000,100.230000,5.291000,0.055731
2026-04-26 17:00,94.948000,95.371000,94.900000,95.014000,100.240000,100.610000,100.190000,100.290000,5.276000,0.055529
2026-04-26 18:00,95.022000,95.300000,94.989000,95.225000,100.310000,100.530000,100.240000,100.430000,5.205000,0.054660
2026-04-26 19:00,95.225000,95.450000,95.114000,95.220000,100.430000,100.540000,100.210000,100.430000,5.210000,0.054715
2026-04-26 20:00,95.220000,95.259000,95.016000,95.227000,100.420000,100.600000,100.240000,100.450000,5.223000,0.054848
2026-04-26 21:00,95.226000,95.652000,95.215000,95.359000,100.450000,101.380000,100.450000,100.880000,5.521000,0.057897
2026-04-26 22:00,95.388000,96.650000,95.200000,96.022000,100.880000,101.690000,100.610000,101.070000,5.048000,0.052571
2026-04-26 23:00,96.031000,96.280000,95.976000,96.090000,101.100000,101.490000,101.060000,101.320000,5.230000,0.054428
2026-04-27 00:00,96.090000,96.500000,95.858000,96.107000,101.300000,101.590000,101.030000,101.160000,5.053000,0.052577
2026-04-27 01:00,96.085000,96.148000,95.488000,95.909000,101.130000,101.130000,100.500000,100.900000,4.991000,0.052039
2026-04-27 02:00,95.900000,95.900000,95.294000,95.295000,100.890000,100.890000,100.170000,100.210000,4.915000,0.051577
2026-04-27 03:00,95.297000,95.400000,95.042000,95.336000,100.200000,100.320000,99.960000,100.320000,4.984000,0.052278
2026-04-27 04:00,95.336000,95.691000,95.234000,95.631000,100.300000,100.750000,100.250000,100.670000,5.039000,0.052692
2026-04-27 05:00,95.628000,96.277000,95.583000,96.118000,100.650000,101.260000,100.650000,101.090000,4.972000,0.051728
2026-04-27 06:00,96.096000,96.414000,96.046000,96.103000,101.070000,101.420000,100.990000,101.060000,4.957000,0.051580
2026-04-27 07:00,96.095000,96.887000,96.088000,96.826000,101.040000,101.860000,101.020000,101.800000,4.974000,0.051370
2026-04-27 08:00,96.830000,97.116000,96.438000,96.507000,101.810000,102.120000,101.450000,101.520000,5.013000,0.051944
2026-04-27 09:00,96.506000,96.700000,96.193000,96.548000,101.490000,101.790000,101.280000,101.490000,4.942000,0.051187
2026-04-27 10:00,96.542000,96.553000,95.095000,95.420000,101.500000,101.510000,100.230000,100.540000,5.120000,0.053658
2026-04-27 11:00,95.439000,95.475000,94.642000,95.147000,100.550000,100.560000,99.580000,100.150000,5.003000,0.052582
2026-04-27 12:00,95.147000,96.523000,94.891000,96.350000,100.140000,101.290000,99.957000,101.140000,4.790000,0.049715
2026-04-27 13:00,96.336000,96.540000,95.672000,95.741000,101.130000,101.470000,100.640000,101.080000,5.339000,0.055765
2026-04-27 14:00,95.770000,96.843000,95.382000,96.806000,101.080000,101.770000,100.880000,101.710000,4.904000,0.050658
2026-04-27 15:00,96.782000,97.490000,96.135000,96.225000,101.670000,102.380000,101.310000,101.350000,5.125000,0.053261
2026-04-27 16:00,96.218000,96.625000,96.119000,96.607000,101.340000,101.760000,101.250000,101.710000,5.103000,0.052822
2026-04-27 17:00,96.606000,97.681000,96.215000,96.612000,101.690000,102.580000,101.310000,101.900000,5.288000,0.054734
2026-04-27 18:00,96.621000,97.178000,96.262000,96.583000,101.880000,102.470000,101.480000,101.670000,5.087000,0.052670
2026-04-27 19:00,96.575000,96.664000,95.995000,96.411000,101.670000,101.910000,101.250000,101.550000,5.139000,0.053303
2026-04-27 20:00,96.436000,96.813000,96.305000,96.715000,101.590000,101.930000,101.440000,101.880000,5.165000,0.053404
2026-04-27 21:00,96.720000,96.737000,96.437000,96.589000,101.880000,101.900000,101.620000,101.760000,5.171000,0.053536
2026-04-27 22:00,96.612000,96.790000,96.325000,96.671000,101.780000,102.000000,101.560000,101.850000,5.179000,0.053573
2026-04-27 23:00,96.657000,96.814000,96.621000,96.711000,101.870000,101.980000,101.800000,101.850000,5.139000,0.053138
2026-04-28 00:00,96.711000,97.199000,96.297000,97.048000,101.840000,102.390000,101.630000,102.300000,5.252000,0.054118
2026-04-28 01:00,97.050000,97.411000,96.880000,97.332000,102.310000,102.580000,102.040000,102.550000,5.218000,0.053610
2026-04-28 02:00,97.345000,97.547000,97.263000,97.393000,102.540000,102.710000,102.400000,102.510000,5.117000,0.052540
2026-04-28 03:00,97.399000,97.618000,97.212000,97.612000,102.530000,102.690000,102.290000,102.690000,5.078000,0.052022
2026-04-28 04:00,97.603000,97.820000,97.353000,97.500000,102.680000,102.880000,102.550000,102.690000,5.190000,0.053231
2026-04-28 05:00,97.491000,98.828000,97.433000,98.200000,102.690000,104.180000,102.600000,103.480000,5.280000,0.053768
2026-04-28 06:00,98.199000,98.487000,97.794000,98.387000,103.500000,103.740000,102.960000,103.640000,5.253000,0.053391
2026-04-28 07:00,98.404000,99.212000,98.320000,98.900000,103.650000,104.820000,103.540000,104.480000,5.580000,0.056421
2026-04-28 08:00,98.900000,99.232000,98.254000,98.972000,104.500000,104.640000,103.510000,104.060000,5.088000,0.051408
2026-04-28 09:00,98.974000,99.859000,98.974000,99.781000,104.060000,104.660000,104.060000,104.510000,4.729000,0.047394
2026-04-28 10:00,99.789000,100.060000,99.465000,99.710000,104.510000,104.790000,104.080000,104.340000,4.630000,0.046435
2026-04-28 11:00,99.716000,101.840000,99.547000,101.250000,104.310000,105.850000,104.240000,105.520000,4.270000,0.042173
2026-04-28 12:00,101.250000,101.290000,98.266000,99.433000,105.510000,105.570000,103.060000,103.970000,4.537000,0.045629
2026-04-28 13:00,99.433000,100.380000,98.785000,99.387000,104.010000,104.950000,103.350000,104.030000,4.643000,0.046716
2026-04-28 14:00,99.389000,100.420000,99.309000,99.367000,104.020000,104.860000,103.610000,103.660000,4.293000,0.043203
2026-04-28 15:00,99.367000,99.950000,99.051000,99.776000,103.670000,104.450000,103.450000,104.090000,4.314000,0.043237
2026-04-28 16:00,99.748000,100.140000,99.044000,99.213000,104.100000,104.460000,103.430000,103.500000,4.287000,0.043210
2026-04-28 17:00,99.213000,100.400000,99.151000,100.170000,103.510000,104.330000,103.430000,104.210000,4.040000,0.040331
2026-04-28 18:00,100.140000,100.270000,99.322000,100.000000,104.210000,104.640000,103.930000,104.330000,4.330000,0.043300
2026-04-28 19:00,99.989000,100.040000,99.763000,99.804000,104.340000,104.390000,104.230000,104.320000,4.516000,0.045249
2026-04-28 20:00,99.843000,99.872000,99.525000,99.621000,104.320000,104.350000,103.930000,104.270000,4.649000,0.046667
2026-04-28 21:00,99.622000,99.760000,99.508000,99.613000,104.270000,104.410000,103.990000,104.250000,4.637000,0.046550
2026-04-28 22:00,99.618000,99.699000,99.348000,99.575000,104.250000,104.380000,103.850000,104.080000,4.505000,0.045242
2026-04-28 23:00,99.572000,99.672000,99.274000,99.378000,104.070000,104.070000,103.750000,103.850000,4.472000,0.045000
2026-04-29 00:00,99.376000,99.400000,98.922000,99.315000,103.830000,103.920000,103.600000,103.890000,4.575000,0.046066
2026-04-29 01:00,99.306000,100.670000,99.240000,100.320000,103.890000,105.140000,103.850000,104.820000,4.500000,0.044856
2026-04-29 02:00,100.320000,100.320000,98.411000,99.308000,104.800000,104.800000,103.220000,104.160000,4.852000,0.048858
2026-04-29 03:00,99.306000,99.440000,98.781000,99.275000,104.160000,104.230000,103.620000,104.020000,4.745000,0.047797
2026-04-29 04:00,99.268000,99.603000,99.196000,99.550000,104.010000,104.360000,103.960000,104.330000,4.780000,0.048016
2026-04-29 05:00,99.552000,99.840000,99.527000,99.814000,104.340000,104.660000,104.340000,104.650000,4.836000,0.048450
2026-04-29 06:00,99.797000,100.580000,99.564000,100.520000,104.650000,105.480000,104.430000,105.310000,4.790000,0.047652
2026-04-29 07:00,100.520000,101.850000,100.320000,101.640000,105.290000,106.450000,105.060000,106.100000,4.460000,0.043880
2026-04-29 08:00,101.630000,103.700000,101.540000,103.540000,106.080000,107.930000,106.000000,107.490000,3.950000,0.038150
2026-04-29 09:00,103.550000,103.600000,102.920000,103.460000,107.550000,107.710000,107.000000,107.490000,4.030000,0.038952
2026-04-29 10:00,103.500000,103.740000,103.040000,103.080000,107.510000,107.660000,107.100000,107.140000,4.060000,0.039387
2026-04-29 11:00,103.080000,103.410000,102.700000,103.320000,107.130000,107.640000,107.040000,107.630000,4.310000,0.041715
2026-04-29 12:00,103.330000,104.340000,102.960000,103.760000,107.640000,108.540000,107.260000,108.270000,4.510000,0.043466
2026-04-29 13:00,103.770000,105.120000,103.030000,104.830000,108.260000,109.950000,107.920000,109.620000,4.790000,0.045693
2026-04-29 14:00,104.850000,105.290000,104.410000,105.110000,109.600000,109.860000,109.050000,109.620000,4.510000,0.042907
2026-04-29 15:00,105.110000,106.970000,104.880000,106.680000,109.630000,111.300000,109.290000,111.010000,4.330000,0.040589
2026-04-29 16:00,106.690000,107.180000,106.110000,107.030000,111.010000,111.180000,110.170000,110.850000,3.820000,0.035691
2026-04-29 17:00,107.020000,107.600000,106.240000,106.450000,110.850000,111.450000,110.100000,110.290000,3.840000,0.036073
2026-04-29 18:00,106.440000,107.390000,106.380000,106.720000,110.290000,110.880000,110.240000,110.370000,3.650000,0.034202
2026-04-29 19:00,106.680000,108.470000,106.620000,107.690000,110.370000,111.770000,110.300000,111.410000,3.720000,0.034544
2026-04-29 20:00,107.690000,108.520000,107.480000,108.390000,111.410000,111.940000,111.150000,111.860000,3.470000,0.032014
2026-04-29 21:00,108.410000,108.670000,108.010000,108.450000,111.830000,113.700000,111.660000,112.530000,4.080000,0.037621
2026-04-29 22:00,108.440000,109.020000,107.430000,108.350000,112.500000,112.800000,110.960000,112.030000,3.680000,0.033964
2026-04-29 23:00,108.340000,108.400000,107.700000,107.840000,112.040000,112.110000,111.570000,111.720000,3.880000,0.035979
2026-04-30 00:00,107.830000,107.850000,106.360000,107.320000,111.730000,111.730000,110.310000,111.270000,3.950000,0.036806
2026-04-30 01:00,107.330000,107.510000,107.020000,107.120000,111.280000,111.440000,110.660000,110.670000,3.550000,0.033140
2026-04-30 02:00,107.140000,109.180000,107.120000,108.360000,110.690000,112.550000,110.680000,111.940000,3.580000,0.033038
2026-04-30 03:00,108.370000,109.530000,108.110000,109.020000,111.940000,113.250000,111.750000,112.880000,3.860000,0.035406
2026-04-30 04:00,109.020000,110.830000,108.990000,109.770000,112.880000,114.580000,112.830000,113.610000,3.840000,0.034982
2026-04-30 05:00,109.780000,109.790000,108.800000,109.290000,113.530000,113.810000,113.010000,113.530000,4.240000,0.038796
2026-04-30 06:00,109.280000,110.220000,108.170000,108.240000,113.510000,114.180000,112.360000,112.380000,4.140000,0.038248
2026-04-30 07:00,108.220000,108.580000,107.590000,108.220000,112.380000,112.550000,111.510000,111.900000,3.680000,0.034005
2026-04-30 08:00,108.190000,108.440000,107.420000,107.900000,111.850000,112.170000,111.340000,111.800000,3.900000,0.036145
2026-04-30 09:00,107.960000,108.780000,106.350000,106.860000,111.810000,112.450000,110.040000,110.440000,3.580000,0.033502
2026-04-30 10:00,106.870000,107.260000,106.200000,106.410000,110.430000,110.960000,109.640000,110.230000,3.820000,0.035899
2026-04-30 11:00,106.390000,106.410000,103.510000,104.530000,110.220000,110.220000,107.140000,108.840000,4.310000,0.041232
2026-04-30 12:00,104.520000,105.810000,104.460000,105.260000,108.880000,109.920000,108.700000,109.310000,4.050000,0.038476
2026-04-30 13:00,105.230000,105.940000,103.850000,105.440000,109.260000,109.910000,108.080000,109.680000,4.240000,0.040212
2026-04-30 14:00,105.420000,106.420000,104.690000,105.950000,109.690000,110.950000,109.430000,110.650000,4.700000,0.044361
2026-04-30 15:00,105.930000,106.590000,103.580000,104.100000,110.640000,111.090000,109.110000,109.550000,5.450000,0.052354
2026-04-30 16:00,104.100000,105.160000,104.020000,104.740000,109.550000,110.260000,109.540000,110.000000,5.260000,0.050220
2026-04-30 17:00,104.740000,104.840000,103.350000,103.680000,109.990000,110.000000,108.600000,108.920000,5.240000,0.050540
2026-04-30 18:00,103.660000,105.570000,103.430000,105.360000,108.910000,111.060000,108.770000,110.900000,5.540000,0.052582
2026-04-30 19:00,105.380000,105.420000,104.710000,105.220000,110.920000,110.970000,110.400000,110.950000,5.730000,0.054457
2026-04-30 20:00,105.220000,106.110000,105.080000,105.420000,110.920000,111.820000,110.810000,111.180000,5.760000,0.054639
2026-04-30 21:00,105.410000,105.490000,104.910000,104.980000,111.180000,111.180000,110.340000,110.670000,5.690000,0.054201
2026-04-30 22:00,104.980000,105.950000,104.980000,105.640000,110.690000,111.650000,110.690000,111.410000,5.770000,0.054619
2026-04-30 23:00,105.640000,105.820000,105.470000,105.580000,111.400000,111.680000,111.270000,111.380000,5.800000,0.054935
2026-05-01 00:00,105.600000,106.010000,105.340000,105.590000,111.370000,111.800000,111.030000,111.590000,6.000000,0.056824
2026-05-01 01:00,105.610000,105.910000,105.110000,105.270000,111.620000,111.950000,111.180000,111.340000,6.070000,0.057661
2026-05-01 02:00,105.280000,106.330000,105.050000,105.430000,111.310000,112.140000,111.140000,111.340000,5.910000,0.056056
2026-05-01 03:00,105.420000,105.700000,105.330000,105.470000,111.290000,111.530000,111.200000,111.330000,5.860000,0.055561
2026-05-01 04:00,105.490000,105.560000,104.910000,104.950000,111.350000,111.440000,110.780000,110.810000,5.860000,0.055836
2026-05-01 05:00,104.930000,105.230000,104.920000,105.010000,110.830000,111.120000,110.780000,110.890000,5.880000,0.055995
2026-05-01 06:00,105.020000,106.570000,105.010000,105.870000,110.870000,112.360000,110.870000,111.800000,5.930000,0.056012
2026-05-01 07:00,105.890000,106.080000,104.090000,105.430000,111.800000,111.990000,110.260000,111.380000,5.950000,0.056436
2026-05-01 08:00,105.420000,105.630000,104.650000,105.490000,111.370000,111.680000,110.680000,111.530000,6.040000,0.057257
2026-05-01 09:00,105.470000,106.090000,105.160000,105.360000,111.530000,112.170000,111.060000,111.240000,5.880000,0.055809
2026-05-01 10:00,105.360000,105.630000,104.920000,104.950000,111.280000,111.590000,111.020000,111.120000,6.170000,0.058790
2026-05-01 11:00,104.960000,105.140000,103.900000,104.030000,111.120000,111.310000,110.650000,110.800000,6.770000,0.065077
2026-05-01 12:00,104.040000,104.340000,102.170000,103.690000,110.820000,111.160000,109.650000,110.660000,6.970000,0.067220
2026-05-01 13:00,103.710000,103.790000,100.410000,100.670000,110.680000,110.700000,107.720000,107.950000,7.280000,0.072315
2026-05-01 14:00,100.660000,101.630000,99.211000,101.500000,107.950000,108.530000,106.210000,108.340000,6.840000,0.067389
2026-05-01 15:00,101.520000,102.390000,100.690000,101.010000,108.400000,109.020000,107.400000,107.620000,6.610000,0.065439
2026-05-01 16:00,101.040000,102.580000,100.650000,101.780000,107.640000,108.640000,107.100000,108.220000,6.440000,0.063274
2026-05-01 17:00,101.810000,102.060000,101.250000,101.390000,108.250000,108.280000,107.400000,107.620000,6.230000,0.061446
2026-05-01 18:00,101.380000,102.610000,101.090000,102.140000,107.610000,108.680000,107.410000,108.500000,6.360000,0.062267
2026-05-01 19:00,102.150000,102.330000,101.770000,102.110000,108.510000,108.600000,108.110000,108.510000,6.400000,0.062678
2026-05-01 20:00,102.090000,102.670000,101.970000,102.460000,108.480000,109.090000,108.410000,108.810000,6.350000,0.061975
2026-05-01 21:00,102.440000,102.720000,102.420000,102.550000,108.800000,109.060000,108.790000,109.020000,6.470000,0.063091
2026-05-01 22:00,102.560000,102.660000,102.400000,102.480000,109.020000,109.190000,108.920000,109.050000,6.570000,0.064110
2026-05-01 23:00,102.480000,102.790000,102.430000,102.770000,109.060000,109.350000,109.040000,109.260000,6.490000,0.063151
2026-05-02 00:00,102.780000,102.880000,102.670000,102.840000,109.260000,109.480000,109.070000,109.310000,6.470000,0.062913
2026-05-02 01:00,102.840000,102.860000,102.560000,102.620000,109.320000,109.320000,109.030000,109.100000,6.480000,0.063146
2026-05-02 02:00,102.620000,102.740000,102.590000,102.660000,109.100000,109.280000,109.040000,109.200000,6.540000,0.063705
2026-05-02 03:00,102.670000,102.690000,102.560000,102.670000,109.210000,109.250000,109.080000,109.180000,6.510000,0.063407
2026-05-02 04:00,102.670000,102.700000,102.570000,102.600000,109.200000,109.240000,109.080000,109.190000,6.590000,0.064230
2026-05-02 05:00,102.610000,102.780000,102.580000,102.650000,109.190000,109.290000,109.070000,109.110000,6.460000,0.062932
2026-05-02 06:00,102.660000,102.710000,102.630000,102.650000,109.110000,109.240000,109.100000,109.170000,6.520000,0.063517
2026-05-02 07:00,102.650000,103.000000,102.530000,102.650000,109.140000,109.160000,108.820000,108.960000,6.310000,0.061471
2026-05-02 08:00,102.660000,102.780000,102.650000,102.750000,108.960000,109.100000,108.930000,108.980000,6.230000,0.060633
2026-05-02 09:00,102.750000,102.790000,102.670000,102.700000,108.990000,109.080000,108.970000,108.970000,6.270000,0.061052
2026-05-02 10:00,102.710000,102.790000,102.680000,102.750000,108.970000,109.020000,108.910000,108.970000,6.220000,0.060535
2026-05-02 11:00,102.750000,102.830000,102.420000,102.600000,108.970000,109.180000,108.970000,109.000000,6.400000,0.062378
2026-05-02 12:00,102.610000,102.680000,102.590000,102.650000,109.000000,109.040000,108.790000,108.880000,6.230000,0.060692
2026-05-02 13:00,102.650000,102.680000,102.600000,102.640000,108.890000,108.940000,108.830000,108.890000,6.250000,0.060892
2026-05-02 14:00,102.650000,102.720000,102.640000,102.640000,108.880000,108.920000,108.830000,108.870000,6.230000,0.060698
2026-05-02 15:00,102.640000,102.650000,102.590000,102.640000,108.850000,108.920000,108.780000,108.880000,6.240000,0.060795
2026-05-02 16:00,102.640000,102.650000,102.580000,102.590000,108.860000,108.900000,108.760000,108.780000,6.190000,0.060337
2026-05-02 17:00,102.590000,102.600000,100.130000,101.900000,108.800000,108.800000,108.400000,108.450000,6.550000,0.064279
2026-05-02 18:00,101.910000,102.070000,101.850000,102.010000,108.440000,108.540000,108.350000,108.470000,6.460000,0.063327
2026-05-02 19:00,102.010000,102.080000,101.880000,101.930000,108.450000,108.480000,108.320000,108.320000,6.390000,0.062690
2026-05-02 20:00,101.930000,102.080000,101.660000,102.030000,108.330000,108.420000,108.230000,108.360000,6.330000,0.062041
2026-05-02 21:00,102.030000,102.050000,101.820000,101.850000,108.360000,108.570000,108.360000,108.400000,6.550000,0.064310
2026-05-02 22:00,101.860000,102.120000,101.770000,102.070000,108.400000,108.700000,108.380000,108.610000,6.540000,0.064074
2026-05-02 23:00,102.070000,102.270000,101.990000,102.060000,108.610000,108.700000,108.550000,108.640000,6.580000,0.064472
2026-05-03 00:00,102.050000,102.260000,102.040000,102.190000,108.640000,108.700000,108.590000,108.630000,6.440000,0.063020
2026-05-03 01:00,102.190000,102.330000,102.180000,102.270000,108.630000,108.810000,108.630000,108.780000,6.510000,0.063655
2026-05-03 02:00,102.290000,102.330000,102.050000,102.100000,108.780000,108.830000,108.480000,108.510000,6.410000,0.062782
2026-05-03 03:00,102.100000,102.240000,102.090000,102.220000,108.510000,108.550000,108.490000,108.540000,6.320000,0.061827
2026-05-03 04:00,102.220000,102.250000,102.130000,102.170000,108.540000,108.690000,108.540000,108.630000,6.460000,0.063228
2026-05-03 05:00,102.170000,102.180000,101.980000,102.040000,108.610000,108.630000,108.510000,108.540000,6.500000,0.063701
2026-05-03 06:00,102.050000,102.070000,101.720000,101.730000,108.550000,108.560000,108.270000,108.300000,6.570000,0.064583
2026-05-03 07:00,101.730000,101.860000,101.690000,101.760000,108.290000,108.410000,108.000000,108.220000,6.460000,0.063483
2026-05-03 08:00,101.760000,101.940000,101.710000,101.830000,108.230000,108.500000,108.200000,108.370000,6.540000,0.064225
2026-05-03 09:00,101.830000,101.860000,101.700000,101.710000,108.370000,108.490000,108.170000,108.200000,6.490000,0.063809
2026-05-03 10:00,101.710000,101.720000,101.330000,101.480000,108.210000,108.260000,107.690000,107.960000,6.480000,0.063855
2026-05-03 11:00,101.470000,101.640000,101.380000,101.540000,107.960000,108.090000,107.830000,108.050000,6.510000,0.064113
2026-05-03 12:00,101.550000,101.590000,101.390000,101.440000,108.060000,108.100000,107.850000,107.920000,6.480000,0.063880
2026-05-03 13:00,101.450000,101.540000,101.390000,101.410000,107.910000,108.020000,107.860000,107.910000,6.500000,0.064096
2026-05-03 14:00,101.420000,101.580000,100.660000,100.750000,107.900000,108.080000,107.560000,107.560000,6.810000,0.067593
2026-05-03 15:00,100.700000,101.050000,100.000000,100.500000,107.580000,107.580000,106.970000,107.160000,6.660000,0.066269
2026-05-03 16:00,100.500000,100.760000,99.314000,100.640000,107.150000,107.170000,106.090000,106.880000,6.240000,0.062003
2026-05-03 17:00,100.660000,100.980000,99.943000,100.940000,106.880000,107.470000,106.340000,107.470000,6.530000,0.064692
2026-05-03 18:00,100.960000,102.020000,100.700000,101.820000,107.470000,108.270000,107.390000,108.120000,6.300000,0.061874
2026-05-03 19:00,101.860000,101.990000,101.300000,101.620000,108.130000,108.250000,107.800000,107.940000,6.320000,0.062192
2026-05-03 20:00,101.620000,101.840000,98.650000,99.559000,107.940000,108.360000,105.520000,105.930000,6.371000,0.063992
2026-05-03 21:00,99.530000,100.100000,98.600000,99.377000,105.950000,106.920000,105.000000,105.990000,6.613000,0.066545
2026-05-03 22:00,99.359000,101.540000,98.600000,101.000000,106.000000,107.850000,105.510000,107.390000,6.390000,0.063267
2026-05-03 23:00,100.990000,101.760000,100.940000,101.720000,107.450000,108.240000,107.270000,108.200000,6.480000,0.063704
2026-05-04 00:00,101.720000,102.340000,101.040000,101.140000,108.190000,108.800000,107.500000,107.530000,6.390000,0.063180
2026-05-04 01:00,101.120000,101.970000,101.120000,101.580000,107.530000,108.280000,107.510000,107.980000,6.400000,0.063005
2026-05-04 02:00,101.590000,102.000000,101.310000,101.710000,107.980000,108.570000,107.780000,108.210000,6.500000,0.063907
2026-05-04 03:00,101.700000,102.560000,101.640000,101.780000,108.200000,108.600000,108.120000,108.480000,6.700000,0.065828
2026-05-04 04:00,101.780000,102.200000,101.220000,101.560000,108.450000,108.590000,107.600000,108.070000,6.510000,0.064100
2026-05-04 05:00,101.570000,101.660000,100.060000,100.860000,108.070000,108.160000,106.470000,107.200000,6.340000,0.062859
2026-05-04 06:00,100.860000,102.660000,100.750000,102.300000,107.190000,108.860000,107.090000,108.580000,6.280000,0.061388
2026-05-04 07:00,102.330000,103.460000,102.310000,103.380000,108.580000,109.990000,108.580000,109.950000,6.570000,0.063552
2026-05-04 08:00,103.380000,104.450000,103.060000,103.220000,110.000000,110.910000,109.420000,109.560000,6.340000,0.061422
2026-05-04 09:00,103.200000,103.290000,102.570000,103.000000,109.570000,109.850000,109.060000,109.730000,6.730000,0.065340
2026-05-04 10:00,102.990000,107.560000,102.940000,105.610000,109.720000,114.230000,109.670000,112.190000,6.580000,0.062305
2026-05-04 11:00,105.600000,105.920000,103.850000,104.090000,112.160000,112.630000,110.960000,111.260000,7.170000,0.068883
2026-05-04 12:00,104.110000,104.150000,102.110000,102.790000,111.260000,111.300000,109.770000,110.450000,7.660000,0.074521
2026-05-04 13:00,102.790000,104.190000,101.840000,102.210000,110.470000,111.900000,109.710000,110.490000,8.280000,0.081010
2026-05-04 14:00,102.220000,103.670000,101.570000,103.520000,110.500000,112.210000,109.840000,112.130000,8.610000,0.083172
2026-05-04 15:00,103.520000,106.030000,102.990000,105.610000,112.130000,114.430000,111.720000,114.010000,8.400000,0.079538
2026-05-04 16:00,105.620000,106.610000,104.800000,106.140000,114.010000,115.070000,113.640000,114.720000,8.580000,0.080837
2026-05-04 17:00,106.130000,106.250000,105.020000,105.280000,114.700000,114.800000,113.440000,113.530000,8.250000,0.078362
2026-05-04 18:00,105.290000,106.700000,104.700000,105.700000,113.530000,114.770000,113.030000,114.200000,8.500000,0.080416
2026-05-04 19:00,105.700000,105.840000,104.870000,105.280000,114.190000,114.400000,113.470000,113.960000,8.680000,0.082447
2026-05-04 20:00,105.280000,105.330000,104.620000,105.110000,113.930000,114.010000,113.380000,113.740000,8.630000,0.082104
2026-05-04 21:00,105.090000,105.240000,104.800000,104.900000,113.740000,114.070000,113.640000,113.740000,8.840000,0.084271
2026-05-04 22:00,104.910000,105.390000,104.730000,104.910000,113.740000,114.500000,113.650000,113.810000,8.900000,0.084835
2026-05-04 23:00,104.900000,105.040000,104.790000,104.940000,113.780000,113.960000,113.710000,113.870000,8.930000,0.085096
2026-05-05 00:00,104.940000,105.220000,104.490000,104.800000,113.860000,113.970000,113.300000,113.710000,8.910000,0.085019
2026-05-05 01:00,104.800000,105.010000,104.520000,104.750000,113.710000,113.830000,113.390000,113.470000,8.720000,0.083246
2026-05-05 02:00,104.730000,104.730000,103.910000,104.160000,113.480000,113.480000,112.800000,112.970000,8.810000,0.084581
2026-05-05 03:00,104.160000,104.470000,104.080000,104.350000,112.990000,113.220000,112.900000,113.110000,8.760000,0.083948
2026-05-05 04:00,104.360000,104.360000,103.830000,104.120000,113.110000,113.150000,112.690000,113.040000,8.920000,0.085670
2026-05-05 05:00,104.120000,104.510000,104.120000,104.240000,113.040000,113.520000,113.040000,113.270000,9.030000,0.086627
2026-05-05 06:00,104.240000,105.300000,103.950000,104.400000,113.290000,114.320000,112.990000,113.640000,9.240000,0.088506
2026-05-05 07:00,104.390000,104.790000,103.130000,104.530000,113.620000,113.970000,112.160000,113.640000,9.110000,0.087152
2026-05-05 08:00,104.520000,104.670000,103.110000,103.450000,113.590000,113.710000,111.830000,112.270000,8.820000,0.085259
2026-05-05 09:00,103.440000,104.480000,103.440000,103.990000,112.260000,113.150000,112.260000,112.780000,8.790000,0.084527
2026-05-05 10:00,103.990000,104.370000,103.510000,104.150000,112.770000,113.130000,112.300000,113.020000,8.870000,0.085166
2026-05-05 11:00,104.150000,105.030000,103.730000,103.750000,113.020000,113.660000,112.390000,112.390000,8.640000,0.083277
2026-05-05 12:00,103.760000,104.190000,102.590000,103.190000,112.390000,112.820000,111.330000,111.940000,8.750000,0.084795
2026-05-05 13:00,103.180000,103.320000,102.040000,102.090000,111.950000,112.130000,110.800000,110.960000,8.870000,0.086884
2026-05-05 14:00,102.070000,102.950000,101.080000,101.600000,110.960000,111.770000,110.010000,110.750000,9.150000,0.090059
2026-05-05 15:00,101.600000,102.490000,101.330000,102.090000,110.740000,111.200000,109.730000,110.410000,8.320000,0.081497
2026-05-05 16:00,102.100000,102.410000,101.790000,102.320000,110.410000,110.660000,110.140000,110.520000,8.200000,0.080141
2026-05-05 17:00,102.310000,102.400000,101.430000,102.030000,110.500000,110.590000,109.540000,110.040000,8.010000,0.078506
2026-05-05 18:00,102.030000,102.610000,101.800000,102.270000,110.030000,110.280000,109.520000,109.590000,7.320000,0.071575
2026-05-05 19:00,102.280000,102.900000,102.190000,102.780000,109.600000,110.290000,109.550000,110.200000,7.420000,0.072193
2026-05-05 20:00,102.790000,102.800000,102.350000,102.640000,110.200000,110.510000,110.000000,110.440000,7.800000,0.075994
2026-05-05 21:00,102.650000,102.860000,102.440000,102.530000,110.440000,112.180000,110.280000,110.370000,7.840000,0.076465
2026-05-05 22:00,102.550000,102.620000,99.098000,100.920000,110.370000,110.400000,106.270000,108.300000,7.380000,0.073127
2026-05-05 23:00,100.950000,101.080000,99.205000,99.777000,108.330000,108.710000,107.150000,107.270000,7.493000,0.075097
2026-05-06 00:00,99.785000,101.380000,99.639000,100.840000,107.260000,108.980000,107.230000,108.540000,7.700000,0.076359
2026-05-06 01:00,100.860000,101.250000,99.949000,100.510000,108.540000,108.800000,107.510000,107.920000,7.410000,0.073724
2026-05-06 02:00,100.500000,100.710000,100.390000,100.550000,107.920000,108.120000,107.900000,107.950000,7.400000,0.073595
2026-05-06 03:00,100.540000,100.880000,100.260000,100.490000,107.960000,108.370000,107.880000,108.050000,7.560000,0.075231
2026-05-06 04:00,100.490000,100.650000,100.130000,100.320000,108.050000,108.170000,107.660000,107.980000,7.660000,0.076356
2026-05-06 05:00,100.320000,101.250000,100.140000,100.210000,107.990000,108.880000,107.800000,107.880000,7.670000,0.076539
2026-05-06 06:00,100.240000,101.210000,99.706000,100.770000,107.880000,108.670000,107.300000,108.290000,7.520000,0.074625
2026-05-06 07:00,100.820000,101.110000,97.667000,97.716000,108.310000,108.650000,105.580000,105.590000,7.874000,0.080580
2026-05-06 08:00,97.720000,99.010000,95.131000,95.443000,105.590000,106.940000,102.720000,103.060000,7.617000,0.079807
2026-05-06 09:00,95.425000,96.188000,93.261000,93.281000,103.060000,104.020000,101.280000,101.390000,8.109000,0.086931
2026-05-06 10:00,93.308000,93.308000,89.501000,89.670000,101.390000,101.480000,98.100000,98.152000,8.482000,0.094591
2026-05-06 11:00,89.710000,92.569000,88.660000,92.529000,98.142000,100.220000,96.562000,100.160000,7.631000,0.082471
2026-05-06 12:00,92.523000,96.025000,92.417000,95.293000,100.180000,104.130000,100.110000,102.910000,7.617000,0.079932
2026-05-06 13:00,95.339000,96.748000,95.025000,95.937000,102.870000,104.080000,102.150000,102.690000,6.753000,0.070390
2026-05-06 14:00,95.937000,97.144000,94.415000,94.694000,102.670000,103.620000,101.090000,101.580000,6.886000,0.072718
2026-05-06 15:00,94.698000,95.956000,94.559000,95.217000,101.590000,102.690000,101.330000,102.030000,6.813000,0.071552
2026-05-06 16:00,95.224000,96.200000,94.500000,95.740000,102.030000,102.780000,101.190000,102.310000,6.570000,0.068623
2026-05-06 17:00,95.740000,95.808000,94.900000,95.139000,102.330000,102.390000,101.380000,101.490000,6.351000,0.066755
2026-05-06 18:00,95.140000,95.201000,94.215000,95.003000,101.480000,101.550000,100.550000,101.200000,6.197000,0.065230
2026-05-06 19:00,95.000000,95.364000,94.625000,95.127000,101.210000,101.460000,100.800000,101.250000,6.123000,0.064367
2026-05-06 20:00,95.147000,96.072000,94.897000,95.900000,101.280000,102.090000,101.070000,101.690000,5.790000,0.060375
2026-05-06 21:00,95.897000,96.082000,95.570000,95.581000,101.690000,102.050000,101.690000,101.900000,6.319000,0.066111
2026-05-06 22:00,95.581000,95.952000,95.272000,95.613000,101.900000,101.900000,101.320000,101.630000,6.017000,0.062931
2026-05-06 23:00,95.607000,95.817000,95.457000,95.708000,101.580000,101.780000,101.470000,101.670000,5.962000,0.062294
2026-05-07 00:00,95.729000,96.256000,95.523000,95.922000,101.660000,102.310000,101.490000,101.900000,5.978000,0.062321
2026-05-07 01:00,95.907000,96.159000,95.126000,95.159000,101.960000,102.180000,101.330000,101.390000,6.231000,0.065480
2026-05-07 02:00,95.171000,95.472000,94.557000,95.370000,101.390000,101.650000,100.840000,101.470000,6.100000,0.063961
2026-05-07 03:00,95.403000,95.632000,95.075000,95.470000,101.480000,101.820000,101.320000,101.670000,6.200000,0.064942
2026-05-07 04:00,95.470000,95.535000,95.240000,95.270000,101.690000,101.720000,101.340000,101.370000,6.100000,0.064029
2026-05-07 05:00,95.270000,95.455000,94.984000,95.077000,101.380000,101.600000,101.280000,101.390000,6.313000,0.066399
2026-05-07 06:00,95.088000,95.368000,93.884000,94.338000,101.400000,101.500000,99.984000,100.460000,6.122000,0.064894
2026-05-07 07:00,94.335000,94.417000,91.598000,92.911000,100.490000,100.600000,97.143000,99.087000,6.176000,0.066472
2026-05-07 08:00,92.927000,94.180000,92.389000,92.540000,99.113000,100.290000,98.486000,98.603000,6.063000,0.065518
2026-05-07 09:00,92.538000,92.848000,91.787000,92.491000,98.605000,98.871000,97.724000,98.515000,6.024000,0.065131
2026-05-07 10:00,92.539000,92.936000,91.876000,92.477000,98.532000,99.101000,97.843000,98.557000,6.080000,0.065746
2026-05-07 11:00,92.457000,92.559000,90.953000,91.434000,98.552000,98.620000,97.307000,97.611000,6.177000,0.067557
2026-05-07 12:00,91.429000,91.643000,89.501000,90.328000,97.621000,97.767000,95.677000,96.445000,6.117000,0.067720
2026-05-07 13:00,90.342000,92.185000,90.342000,90.689000,96.455000,98.135000,96.446000,96.742000,6.053000,0.066745
2026-05-07 14:00,90.691000,91.091000,89.891000,90.690000,96.741000,97.040000,95.699000,96.739000,6.049000,0.066700
2026-05-07 15:00,90.690000,92.950000,90.643000,92.817000,96.694000,98.762000,96.665000,98.697000,5.880000,0.063350
2026-05-07 16:00,92.816000,95.100000,92.751000,94.892000,98.643000,100.270000,98.599000,100.080000,5.188000,0.054673
2026-05-07 17:00,94.872000,96.559000,93.990000,94.184000,100.050000,101.740000,99.700000,99.855000,5.671000,0.060212
2026-05-07 18:00,94.167000,95.806000,93.821000,94.787000,99.859000,101.020000,99.248000,100.210000,5.423000,0.057212
2026-05-07 19:00,94.783000,96.363000,94.617000,95.541000,100.220000,102.050000,99.992000,100.990000,5.449000,0.057033
2026-05-07 20:00,95.550000,97.097000,93.912000,96.669000,101.010000,102.530000,99.241000,102.210000,5.541000,0.057319
2026-05-07 21:00,96.670000,98.030000,96.670000,97.172000,102.260000,103.270000,102.100000,102.460000,5.288000,0.054419
2026-05-07 22:00,97.154000,97.593000,95.158000,96.223000,102.440000,102.890000,100.600000,101.460000,5.237000,0.054426
2026-05-07 23:00,96.183000,96.200000,95.625000,95.872000,101.450000,101.500000,100.980000,101.230000,5.358000,0.055887
2026-05-08 00:00,95.853000,96.179000,95.351000,95.533000,101.240000,101.920000,100.850000,101.120000,5.587000,0.058482
2026-05-08 01:00,95.533000,95.533000,94.478000,94.993000,101.100000,101.100000,99.909000,100.530000,5.537000,0.058289
2026-05-08 02:00,94.993000,95.435000,94.044000,94.700000,100.520000,100.840000,99.654000,100.260000,5.560000,0.058712
2026-05-08 03:00,94.696000,94.700000,94.250000,94.603000,100.250000,100.250000,99.896000,100.080000,5.477000,0.057895
2026-05-08 04:00,94.608000,95.356000,94.506000,94.629000,100.080000,100.790000,100.040000,100.190000,5.561000,0.058766
2026-05-08 05:00,94.625000,94.760000,94.174000,94.275000,100.150000,100.370000,99.741000,99.832000,5.557000,0.058945
2026-05-08 06:00,94.305000,94.637000,93.051000,93.970000,99.844000,100.200000,98.560000,99.499000,5.529000,0.058838
2026-05-08 07:00,94.006000,94.758000,93.648000,94.113000,99.527000,100.340000,99.119000,99.752000,5.639000,0.059917
2026-05-08 08:00,94.101000,94.373000,93.056000,93.475000,99.742000,100.070000,98.691000,99.067000,5.592000,0.059823
2026-05-08 09:00,93.470000,94.237000,92.729000,94.023000,99.044000,99.700000,98.346000,99.581000,5.558000,0.059113
2026-05-08 10:00,94.026000,94.138000,93.288000,93.705000,99.600000,99.691000,98.669000,99.064000,5.359000,0.057190
2026-05-08 11:00,93.720000,94.040000,93.072000,93.767000,99.061000,99.638000,98.628000,99.294000,5.527000,0.058944
2026-05-08 12:00,93.766000,94.347000,93.384000,94.120000,99.294000,99.584000,98.700000,99.349000,5.229000,0.055557
2026-05-08 13:00,94.114000,94.150000,92.735000,93.124000,99.373000,99.559000,98.361000,98.864000,5.740000,0.061638
2026-05-08 14:00,93.099000,94.545000,93.091000,94.132000,98.872000,100.440000,98.853000,100.090000,5.958000,0.063294
2026-05-08 15:00,94.143000,94.762000,93.848000,94.447000,100.090000,100.760000,99.800000,100.260000,5.813000,0.061548
2026-05-08 16:00,94.467000,94.721000,94.132000,94.658000,100.250000,100.300000,99.800000,100.110000,5.452000,0.057597
2026-05-08 17:00,94.663000,94.667000,93.843000,94.041000,100.120000,100.130000,99.406000,99.618000,5.577000,0.059304
2026-05-08 18:00,94.041000,94.297000,93.250000,94.061000,99.632000,99.900000,98.762000,99.625000,5.564000,0.059153
2026-05-08 19:00,94.088000,94.142000,93.203000,93.367000,99.625000,99.743000,98.856000,99.017000,5.650000,0.060514
2026-05-08 20:00,93.378000,93.450000,92.897000,93.204000,99.026000,99.133000,98.459000,98.808000,5.604000,0.060126
2026-05-08 21:00,93.205000,93.474000,92.951000,93.076000,98.809000,99.199000,98.548000,98.636000,5.560000,0.059736
2026-05-08 22:00,93.075000,93.128000,92.740000,92.992000,98.635000,98.690000,98.165000,98.510000,5.518000,0.059338
2026-05-08 23:00,92.992000,93.290000,92.730000,92.760000,98.510000,98.525000,98.403000,98.478000,5.718000,0.061643
2026-05-09 00:00,92.760000,92.760000,91.300000,92.255000,98.477000,98.477000,97.221000,97.784000,5.529000,0.059932
2026-05-09 01:00,92.254000,92.580000,92.242000,92.522000,97.776000,98.113000,97.745000,98.082000,5.560000,0.060094
2026-05-09 02:00,92.530000,92.816000,92.437000,92.671000,98.082000,98.220000,98.013000,98.209000,5.538000,0.059760
2026-05-09 03:00,92.672000,92.726000,92.459000,92.610000,98.208000,98.214000,98.027000,98.171000,5.561000,0.060048
2026-05-09 04:00,92.610000,92.640000,92.420000,92.534000,98.171000,98.200000,98.026000,98.173000,5.639000,0.060940
2026-05-09 05:00,92.541000,92.625000,92.516000,92.583000,98.168000,98.200000,98.106000,98.173000,5.590000,0.060378
2026-05-09 06:00,92.584000,93.063000,92.556000,92.696000,98.172000,98.200000,98.151000,98.165000,5.469000,0.058999
2026-05-09 07:00,92.696000,92.819000,92.547000,92.650000,98.164000,98.194000,98.050000,98.061000,5.411000,0.058403
2026-05-09 08:00,92.643000,92.838000,92.562000,92.761000,98.061000,98.193000,98.010000,98.180000,5.419000,0.058419
2026-05-09 09:00,92.763000,92.831000,92.716000,92.781000,98.180000,98.193000,98.145000,98.176000,5.395000,0.058148
2026-05-09 10:00,92.782000,92.869000,92.746000,92.771000,98.175000,98.216000,98.158000,98.185000,5.414000,0.058359
2026-05-09 11:00,92.763000,92.806000,92.698000,92.766000,98.185000,98.238000,98.104000,98.189000,5.423000,0.058459
2026-05-09 12:00,92.766000,93.114000,92.760000,93.068000,98.188000,98.482000,98.188000,98.460000,5.392000,0.057936
2026-05-09 13:00,93.076000,93.605000,93.040000,93.407000,98.460000,98.791000,98.423000,98.780000,5.373000,0.057522
2026-05-09 14:00,93.408000,93.939000,93.275000,93.764000,98.781000,99.131000,98.646000,99.078000,5.314000,0.056674
2026-05-09 15:00,93.764000,93.806000,93.029000,93.201000,99.077000,99.169000,98.490000,98.778000,5.577000,0.059838
2026-05-09 16:00,93.204000,93.569000,93.202000,93.480000,98.761000,98.985000,98.726000,98.851000,5.371000,0.057456
2026-05-09 17:00,93.458000,93.578000,93.163000,93.306000,98.855000,99.025000,98.490000,98.599000,5.293000,0.056727
2026-05-09 18:00,93.306000,93.374000,93.235000,93.351000,98.591000,98.731000,98.560000,98.693000,5.342000,0.057225
2026-05-09 19:00,93.350000,93.523000,93.343000,93.468000,98.712000,98.819000,98.664000,98.754000,5.286000,0.056554
2026-05-09 20:00,93.467000,93.514000,93.381000,93.388000,98.754000,98.882000,98.664000,98.690000,5.302000,0.056774
2026-05-09 21:00,93.388000,93.463000,93.352000,93.426000,98.691000,98.850000,98.664000,98.763000,5.337000,0.057125
2026-05-09 22:00,93.426000,93.493000,93.244000,93.261000,98.772000,98.793000,98.540000,98.585000,5.324000,0.057087
2026-05-09 23:00,93.261000,93.440000,93.236000,93.435000,98.584000,98.791000,98.562000,98.772000,5.337000,0.057120
2026-05-10 00:00,93.435000,93.499000,93.269000,93.467000,98.773000,98.846000,98.581000,98.793000,5.326000,0.056983
2026-05-10 01:00,93.461000,93.516000,93.361000,93.365000,98.792000,98.826000,98.655000,98.655000,5.290000,0.056659
2026-05-10 02:00,93.364000,93.468000,93.248000,93.263000,98.654000,98.757000,98.575000,98.591000,5.328000,0.057129
2026-05-10 03:00,93.263000,93.394000,93.031000,93.045000,98.597000,98.644000,98.400000,98.401000,5.356000,0.057564
2026-05-10 04:00,93.047000,93.162000,92.714000,93.090000,98.401000,98.495000,98.086000,98.416000,5.326000,0.057213
2026-05-10 05:00,93.090000,93.241000,93.081000,93.139000,98.414000,98.594000,98.397000,98.494000,5.355000,0.057495
2026-05-10 06:00,93.142000,93.300000,93.120000,93.125000,98.493000,98.660000,98.452000,98.452000,5.327000,0.057203
2026-05-10 07:00,93.123000,93.295000,93.033000,93.267000,98.452000,98.641000,98.431000,98.602000,5.335000,0.057201
2026-05-10 08:00,93.258000,93.325000,93.077000,93.190000,98.585000,98.730000,98.421000,98.609000,5.419000,0.058150
2026-05-10 09:00,93.187000,93.358000,92.543000,93.050000,98.610000,98.735000,98.334000,98.474000,5.424000,0.058291
2026-05-10 10:00,93.050000,93.196000,92.960000,93.159000,98.474000,98.625000,98.401000,98.596000,5.437000,0.058363
2026-05-10 11:00,93.158000,93.219000,93.122000,93.163000,98.594000,98.638000,98.532000,98.598000,5.435000,0.058339
2026-05-10 12:00,93.163000,93.179000,92.449000,92.720000,98.599000,98.604000,98.000000,98.093000,5.373000,0.057949
2026-05-10 13:00,92.702000,92.815000,92.512000,92.774000,98.093000,98.233000,97.917000,98.215000,5.441000,0.058648
2026-05-10 14:00,92.774000,93.184000,92.715000,92.878000,98.214000,98.506000,98.170000,98.316000,5.438000,0.058550
2026-05-10 15:00,92.886000,92.899000,92.340000,92.548000,98.296000,98.296000,97.779000,97.973000,5.425000,0.058618
2026-05-10 16:00,92.565000,92.771000,92.489000,92.710000,97.981000,98.262000,97.902000,98.244000,5.534000,0.059692
2026-05-10 17:00,92.710000,93.179000,92.000000,93.029000,98.242000,98.598000,98.000000,98.561000,5.532000,0.059465
2026-05-10 18:00,93.034000,94.284000,92.717000,94.207000,98.575000,99.413000,98.256000,99.331000,5.124000,0.054391
2026-05-10 19:00,94.223000,94.708000,93.500000,93.935000,99.340000,99.902000,99.121000,99.229000,5.294000,0.056358
2026-05-10 20:00,93.945000,97.338000,93.868000,95.983000,99.228000,102.760000,99.142000,101.410000,5.427000,0.056541
2026-05-10 21:00,96.019000,96.463000,95.096000,95.974000,101.440000,103.670000,101.160000,102.580000,6.606000,0.068831
2026-05-10 22:00,95.925000,96.865000,95.833000,96.594000,102.600000,102.990000,102.160000,102.610000,6.016000,0.062281
2026-05-10 23:00,96.598000,97.189000,96.482000,97.144000,102.590000,103.180000,102.510000,103.150000,6.006000,0.061826
2026-05-11 00:00,97.140000,97.990000,96.780000,97.408000,103.130000,103.680000,102.630000,103.230000,5.822000,0.059769
2026-05-11 01:00,97.401000,97.459000,96.954000,97.053000,103.220000,103.220000,102.580000,102.600000,5.547000,0.057154
2026-05-11 02:00,97.065000,97.882000,96.889000,97.821000,102.620000,103.350000,102.470000,103.280000,5.459000,0.055806
2026-05-11 03:00,97.822000,98.306000,97.736000,97.987000,103.310000,103.690000,103.300000,103.560000,5.573000,0.056875
2026-05-11 04:00,97.987000,98.376000,97.965000,98.288000,103.550000,103.860000,103.530000,103.800000,5.512000,0.056080
2026-05-11 05:00,98.285000,98.312000,97.657000,97.748000,103.790000,103.810000,103.280000,103.300000,5.552000,0.056799
2026-05-11 06:00,97.747000,98.083000,96.865000,96.978000,103.290000,103.500000,102.310000,102.440000,5.462000,0.056322
2026-05-11 07:00,96.988000,97.316000,96.289000,96.450000,102.440000,102.940000,102.290000,102.460000,6.010000,0.062312
2026-05-11 08:00,96.460000,96.540000,95.136000,95.775000,102.430000,102.570000,101.300000,101.940000,6.165000,0.064370
2026-05-11 09:00,95.800000,96.206000,95.546000,96.206000,101.970000,102.180000,101.600000,102.000000,5.794000,0.060225
2026-05-11 10:00,96.209000,96.215000,95.379000,96.065000,102.010000,102.020000,101.260000,101.920000,5.855000,0.060948
2026-05-11 11:00,96.058000,96.556000,95.753000,96.353000,101.920000,102.330000,101.740000,102.170000,5.817000,0.060372
2026-05-11 12:00,96.353000,96.707000,94.728000,96.152000,102.160000,102.520000,100.740000,101.850000,5.698000,0.059260
2026-05-11 13:00,96.151000,96.202000,94.306000,94.771000,101.840000,101.910000,100.780000,101.040000,6.269000,0.066149
2026-05-11 14:00,94.769000,96.055000,94.679000,95.759000,101.050000,102.090000,101.030000,101.700000,5.941000,0.062041
2026-05-11 15:00,95.757000,96.335000,95.337000,95.979000,101.700000,102.270000,101.340000,101.970000,5.991000,0.062420
2026-05-11 16:00,95.979000,97.723000,95.907000,97.202000,101.980000,103.390000,101.880000,102.880000,5.678000,0.058414
2026-05-11 17:00,97.209000,97.213000,96.111000,96.316000,102.890000,102.890000,101.950000,102.190000,5.874000,0.060987
2026-05-11 18:00,96.331000,96.841000,95.875000,96.118000,102.180000,102.750000,101.740000,102.030000,5.912000,0.061508
2026-05-11 19:00,96.120000,96.410000,95.832000,96.256000,102.030000,102.100000,101.770000,101.990000,5.734000,0.059570
2026-05-11 20:00,96.256000,96.829000,96.052000,96.172000,101.950000,102.500000,101.800000,101.980000,5.808000,0.060392
2026-05-11 21:00,96.172000,96.173000,95.981000,96.129000,101.980000,102.290000,101.920000,102.130000,6.001000,0.062427
2026-05-11 22:00,96.129000,96.219000,95.807000,96.099000,102.120000,102.240000,101.760000,101.920000,5.821000,0.060573
2026-05-11 23:00,96.099000,96.142000,95.830000,95.904000,101.930000,101.960000,101.650000,101.720000,5.816000,0.060644
2026-05-12 00:00,95.904000,96.553000,95.904000,96.514000,101.730000,102.310000,101.730000,102.270000,5.756000,0.059639
2026-05-12 01:00,96.518000,96.904000,96.150000,96.769000,102.260000,102.670000,101.930000,102.570000,5.801000,0.059947
2026-05-12 02:00,96.766000,96.967000,96.625000,96.642000,102.590000,102.760000,102.480000,102.520000,5.878000,0.060822
2026-05-12 03:00,96.648000,96.824000,96.492000,96.773000,102.530000,102.620000,102.390000,102.570000,5.797000,0.059903
2026-05-12 04:00,96.773000,96.785000,96.263000,96.613000,102.570000,102.570000,102.050000,102.380000,5.767000,0.059692
2026-05-12 05:00,96.613000,97.026000,96.391000,96.830000,102.380000,102.790000,102.150000,102.530000,5.700000,0.058866
2026-05-12 06:00,96.811000,98.126000,96.792000,97.988000,102.540000,103.890000,102.510000,103.700000,5.712000,0.058293
2026-05-12 07:00,97.996000,98.114000,97.733000,98.053000,103.710000,103.840000,103.380000,103.740000,5.687000,0.057999
2026-05-12 08:00,98.051000,98.782000,97.975000,98.232000,103.700000,104.470000,103.690000,103.940000,5.708000,0.058107
2026-05-12 09:00,98.295000,99.076000,98.238000,98.491000,103.980000,104.770000,103.950000,104.340000,5.849000,0.059386
2026-05-12 10:00,98.490000,99.300000,98.219000,99.028000,104.290000,105.070000,104.050000,104.850000,5.822000,0.058791
2026-05-12 11:00,99.019000,99.389000,98.536000,98.719000,104.860000,105.220000,104.370000,104.590000,5.871000,0.059472
2026-05-12 12:00,98.722000,99.173000,98.137000,98.249000,104.590000,105.130000,104.160000,104.260000,6.011000,0.061181
2026-05-12 13:00,98.251000,99.451000,98.178000,99.202000,104.300000,105.360000,104.200000,105.060000,5.858000,0.059051
2026-05-12 14:00,99.201000,99.454000,98.815000,99.254000,105.050000,105.100000,104.470000,104.890000,5.636000,0.056784
2026-05-12 15:00,99.257000,99.577000,98.542000,98.952000,104.910000,105.260000,104.220000,104.600000,5.648000,0.057078
2026-05-12 16:00,98.952000,99.211000,98.615000,98.896000,104.590000,104.700000,104.210000,104.360000,5.464000,0.055250
2026-05-12 17:00,98.896000,98.971000,98.531000,98.858000,104.360000,104.480000,104.090000,104.330000,5.472000,0.055352
2026-05-12 18:00,98.878000,99.705000,98.740000,99.487000,104.340000,105.080000,104.200000,104.830000,5.343000,0.053706
2026-05-12 19:00,99.491000,99.491000,99.132000,99.345000,104.840000,104.840000,104.470000,104.640000,5.295000,0.053299
2026-05-12 20:00,99.336000,99.379000,98.800000,98.958000,104.630000,104.650000,104.060000,104.210000,5.252000,0.053073
2026-05-12 21:00,98.958000,99.217000,98.920000,99.104000,104.210000,104.520000,104.180000,104.410000,5.306000,0.053540
2026-05-12 22:00,99.100000,99.141000,98.495000,98.678000,104.410000,104.520000,103.870000,104.020000,5.342000,0.054136
2026-05-12 23:00,98.676000,98.829000,98.661000,98.773000,104.010000,104.180000,104.000000,104.110000,5.337000,0.054033
2026-05-13 00:00,98.777000,98.779000,97.931000,98.217000,104.110000,104.120000,103.360000,103.600000,5.383000,0.054807
2026-05-13 01:00,98.217000,98.422000,98.043000,98.371000,103.600000,103.860000,103.440000,103.810000,5.439000,0.055291
2026-05-13 02:00,98.370000,98.487000,97.551000,97.809000,103.810000,103.910000,102.890000,103.170000,5.361000,0.054811
2026-05-13 03:00,97.823000,97.979000,97.609000,97.823000,103.180000,103.340000,102.970000,103.210000,5.387000,0.055069
2026-05-13 04:00,97.828000,97.828000,97.372000,97.507000,103.220000,103.220000,102.790000,102.880000,5.373000,0.055104
2026-05-13 05:00,97.499000,97.598000,97.272000,97.341000,102.880000,103.050000,102.740000,102.820000,5.479000,0.056287
2026-05-13 06:00,97.341000,97.807000,97.294000,97.685000,102.820000,103.230000,102.710000,103.090000,5.405000,0.055331
2026-05-13 07:00,97.686000,98.082000,97.507000,98.014000,103.100000,103.510000,102.920000,103.440000,5.426000,0.055359
2026-05-13 08:00,98.007000,98.571000,97.837000,98.362000,103.440000,104.030000,103.280000,103.880000,5.518000,0.056099
2026-05-13 09:00,98.362000,98.733000,98.005000,98.098000,103.870000,104.230000,103.510000,103.610000,5.512000,0.056189
2026-05-13 10:00,98.110000,99.042000,98.090000,98.976000,103.630000,104.500000,103.580000,104.420000,5.444000,0.055003
2026-05-13 11:00,98.973000,99.014000,98.384000,98.451000,104.430000,104.540000,103.790000,103.870000,5.419000,0.055043
2026-05-13 12:00,98.452000,99.059000,98.250000,98.654000,103.860000,104.340000,103.620000,103.890000,5.236000,0.053074
2026-05-13 13:00,98.628000,98.755000,98.325000,98.750000,103.890000,103.900000,103.410000,103.740000,4.990000,0.050532
2026-05-13 14:00,98.751000,99.395000,98.600000,99.035000,103.760000,104.300000,103.440000,103.840000,4.805000,0.048518
2026-05-13 15:00,99.038000,99.092000,97.987000,98.294000,103.830000,103.880000,102.600000,102.950000,4.656000,0.047368
2026-05-13 16:00,98.294000,98.342000,96.909000,97.934000,102.960000,102.960000,101.920000,102.630000,4.696000,0.047951
2026-05-13 17:00,97.912000,97.964000,97.276000,97.370000,102.610000,102.730000,102.130000,102.240000,4.870000,0.050015
2026-05-13 18:00,97.350000,97.350000,96.661000,96.903000,102.220000,102.230000,101.640000,101.840000,4.937000,0.050948
2026-05-13 19:00,96.907000,97.280000,96.821000,97.220000,101.840000,102.130000,101.820000,102.070000,4.850000,0.049887
2026-05-13 20:00,97.219000,97.320000,96.542000,96.842000,102.080000,102.200000,101.390000,101.670000,4.828000,0.049854
2026-05-13 21:00,96.841000,97.118000,96.752000,97.103000,101.670000,101.890000,101.620000,101.880000,4.777000,0.049195
2026-05-13 22:00,97.099000,97.099000,96.547000,96.706000,101.880000,101.900000,101.480000,101.750000,5.044000,0.052158
2026-05-13 23:00,96.695000,96.889000,96.652000,96.825000,101.750000,101.940000,101.700000,101.890000,5.065000,0.052311
2026-05-14 00:00,96.822000,97.047000,96.694000,96.813000,101.890000,101.990000,101.640000,101.710000,4.897000,0.050582
2026-05-14 01:00,96.812000,97.163000,96.444000,96.721000,101.690000,102.220000,101.390000,101.690000,4.969000,0.051375
2026-05-14 02:00,96.715000,97.173000,96.628000,97.143000,101.690000,102.120000,101.580000,102.090000,4.947000,0.050925
2026-05-14 03:00,97.143000,97.369000,96.834000,97.058000,102.060000,102.200000,101.780000,101.980000,4.922000,0.050712
2026-05-14 04:00,97.070000,97.197000,97.041000,97.087000,101.980000,102.120000,101.950000,102.010000,4.923000,0.050707
2026-05-14 05:00,97.083000,97.467000,97.043000,97.147000,102.010000,102.400000,101.990000,102.060000,4.913000,0.050573
2026-05-14 06:00,97.144000,97.144000,95.510000,96.772000,102.060000,102.070000,100.570000,101.650000,4.878000,0.050407
2026-05-14 07:00,96.772000,97.839000,96.665000,97.707000,101.660000,102.660000,101.580000,102.550000,4.843000,0.049567
2026-05-14 08:00,97.707000,98.126000,96.886000,97.112000,102.550000,102.990000,101.770000,102.130000,5.018000,0.051672
2026-05-14 09:00,97.107000,97.673000,96.719000,96.949000,102.080000,102.540000,101.740000,101.920000,4.971000,0.051274
2026-05-14 10:00,96.953000,97.340000,96.103000,96.709000,101.950000,102.100000,101.020000,101.510000,4.801000,0.049644
2026-05-14 11:00,96.729000,97.001000,95.840000,96.041000,101.520000,101.660000,100.480000,100.690000,4.649000,0.048406
2026-05-14 12:00,96.035000,96.600000,95.101000,96.075000,100.690000,101.010000,99.707000,100.620000,4.545000,0.047307
2026-05-14 13:00,96.125000,96.957000,96.125000,96.760000,100.660000,101.360000,100.600000,101.220000,4.460000,0.046093
2026-05-14 14:00,96.773000,97.499000,96.142000,96.359000,101.240000,101.940000,100.630000,100.830000,4.471000,0.046399
2026-05-14 15:00,96.325000,96.706000,96.195000,96.657000,100.840000,101.240000,100.660000,100.920000,4.263000,0.044104
2026-05-14 16:00,96.654000,96.772000,96.036000,96.666000,100.890000,101.270000,100.510000,101.090000,4.424000,0.045766
2026-05-14 17:00,96.666000,97.631000,96.555000,97.466000,101.090000,101.860000,100.980000,101.740000,4.274000,0.043851
2026-05-14 18:00,97.466000,97.681000,96.853000,97.116000,101.730000,101.950000,101.370000,101.660000,4.544000,0.046789
2026-05-14 19:00,97.113000,97.694000,97.051000,97.686000,101.670000,102.250000,101.580000,102.240000,4.554000,0.046619
2026-05-14 20:00,97.688000,97.921000,97.599000,97.773000,102.250000,102.470000,102.170000,102.320000,4.547000,0.046506
2026-05-14 21:00,97.772000,97.848000,97.542000,97.795000,102.300000,102.470000,102.150000,102.380000,4.585000,0.046884
2026-05-14 22:00,97.789000,97.813000,97.250000,97.728000,102.380000,102.410000,101.740000,102.190000,4.462000,0.045657
2026-05-14 23:00,97.728000,97.883000,97.547000,97.773000,102.190000,102.310000,102.050000,102.250000,4.477000,0.045790
2026-05-15 00:00,97.785000,97.864000,97.473000,97.674000,102.250000,102.330000,102.000000,102.140000,4.466000,0.045724
2026-05-15 01:00,97.665000,98.668000,97.521000,98.252000,102.120000,103.100000,101.960000,102.640000,4.388000,0.044661
2026-05-15 02:00,98.258000,98.752000,97.894000,98.469000,102.630000,103.120000,102.290000,102.780000,4.311000,0.043780
2026-05-15 03:00,98.472000,98.548000,98.209000,98.209000,102.780000,102.820000,102.470000,102.480000,4.271000,0.043489
2026-05-15 04:00,98.206000,98.440000,98.206000,98.285000,102.470000,102.690000,102.470000,102.500000,4.215000,0.042885
2026-05-15 05:00,98.277000,99.400000,98.277000,98.996000,102.510000,103.480000,102.500000,103.120000,4.124000,0.041658
2026-05-15 06:00,99.014000,99.286000,98.757000,98.893000,103.140000,103.380000,102.900000,103.080000,4.187000,0.042339
2026-05-15 07:00,98.885000,99.231000,98.410000,99.205000,103.080000,103.350000,102.620000,103.320000,4.115000,0.041480
2026-05-15 08:00,99.204000,100.740000,99.067000,100.480000,103.310000,104.800000,103.200000,104.420000,3.940000,0.039212
2026-05-15 09:00,100.460000,100.950000,100.080000,100.840000,104.420000,104.970000,104.050000,104.700000,3.860000,0.038278
2026-05-15 10:00,100.820000,100.830000,98.643000,99.042000,104.690000,104.690000,102.810000,103.210000,4.168000,0.042083
2026-05-15 11:00,99.046000,100.110000,98.880000,100.030000,103.200000,104.140000,103.030000,104.060000,4.030000,0.040288
2026-05-15 12:00,100.020000,100.160000,99.490000,99.820000,104.070000,104.110000,103.440000,103.810000,3.990000,0.039972
2026-05-15 13:00,99.848000,99.900000,99.210000,99.894000,103.840000,104.200000,103.360000,104.120000,4.226000,0.042305
2026-05-15 14:00,99.896000,100.520000,99.230000,100.260000,104.110000,104.630000,103.480000,104.320000,4.060000,0.040495
2026-05-15 15:00,100.250000,101.120000,99.908000,100.880000,104.330000,104.980000,104.070000,104.750000,3.870000,0.038362
2026-05-15 16:00,100.830000,101.200000,100.560000,100.650000,104.720000,104.970000,104.520000,104.560000,3.910000,0.038847
2026-05-15 17:00,100.670000,100.850000,100.290000,100.650000,104.600000,104.700000,104.290000,104.530000,3.880000,0.038549
2026-05-15 18:00,100.640000,101.350000,100.620000,100.940000,104.520000,105.070000,104.510000,104.750000,3.810000,0.037745
2026-05-15 19:00,100.940000,101.300000,100.850000,101.150000,104.760000,104.950000,104.640000,104.830000,3.680000,0.036382
2026-05-15 20:00,101.150000,101.520000,100.930000,101.130000,104.860000,105.160000,104.680000,104.790000,3.660000,0.036191
2026-05-15 21:00,101.130000,101.230000,100.970000,101.090000,104.790000,104.900000,104.670000,104.770000,3.680000,0.036403
2026-05-15 22:00,101.090000,101.320000,101.060000,101.270000,104.760000,105.000000,104.730000,104.910000,3.640000,0.035944
2026-05-15 23:00,101.250000,101.250000,101.120000,101.160000,104.910000,104.910000,104.740000,104.800000,3.640000,0.035983
2026-05-16 00:00,101.150000,101.150000,100.800000,100.830000,104.800000,104.800000,104.300000,104.470000,3.640000,0.036100
2026-05-16 01:00,100.830000,101.300000,100.820000,101.120000,104.430000,104.770000,104.400000,104.640000,3.520000,0.034810
2026-05-16 02:00,101.120000,101.130000,100.930000,100.940000,104.640000,104.640000,104.510000,104.520000,3.580000,0.035467
2026-05-16 03:00,100.940000,101.130000,100.840000,100.900000,104.520000,104.680000,104.400000,104.450000,3.550000,0.035183
2026-05-16 04:00,100.900000,101.160000,100.900000,101.100000,104.460000,104.710000,104.460000,104.680000,3.580000,0.035410
2026-05-16 05:00,101.100000,101.140000,101.000000,101.060000,104.690000,104.690000,104.580000,104.650000,3.590000,0.035523
2026-05-16 06:00,101.060000,101.280000,101.050000,101.200000,104.650000,104.950000,104.640000,104.850000,3.650000,0.036067
2026-05-16 07:00,101.190000,101.720000,101.160000,101.620000,104.850000,105.280000,104.770000,105.180000,3.560000,0.035032
2026-05-16 08:00,101.610000,102.010000,101.560000,101.730000,105.180000,105.460000,105.150000,105.340000,3.610000,0.035486
2026-05-16 09:00,101.730000,101.960000,101.620000,101.960000,105.330000,105.540000,105.060000,105.450000,3.490000,0.034229
2026-05-16 10:00,101.960000,102.030000,101.790000,101.830000,105.450000,105.470000,105.250000,105.260000,3.430000,0.033684
2026-05-16 11:00,101.830000,101.890000,101.790000,101.870000,105.260000,105.450000,105.250000,105.450000,3.580000,0.035143
2026-05-16 12:00,101.880000,101.900000,101.780000,101.860000,105.460000,105.470000,105.300000,105.360000,3.500000,0.034361
2026-05-16 13:00,101.860000,101.880000,101.380000,101.830000,105.360000,105.380000,105.070000,105.330000,3.500000,0.034371
2026-05-16 14:00,101.820000,101.890000,101.640000,101.880000,105.330000,105.340000,105.110000,105.280000,3.400000,0.033373
2026-05-16 15:00,101.880000,102.030000,101.710000,101.710000,105.290000,105.430000,105.100000,105.100000,3.390000,0.033330
2026-05-16 16:00,101.710000,101.710000,101.200000,101.290000,105.100000,105.100000,104.700000,104.790000,3.500000,0.034554
2026-05-16 17:00,101.290000,101.460000,101.120000,101.300000,104.780000,104.920000,104.620000,104.770000,3.470000,0.034255
2026-05-16 18:00,101.290000,101.390000,101.020000,101.150000,104.770000,104.900000,104.560000,104.650000,3.500000,0.034602
2026-05-16 19:00,101.160000,101.210000,100.990000,101.120000,104.650000,104.730000,104.530000,104.670000,3.550000,0.035107
2026-05-16 20:00,101.110000,101.520000,101.040000,101.500000,104.660000,105.010000,104.580000,105.010000,3.510000,0.034581
2026-05-16 21:00,101.500000,101.810000,101.490000,101.800000,105.010000,105.370000,105.010000,105.360000,3.560000,0.034971
2026-05-16 22:00,101.800000,101.870000,101.650000,101.740000,105.370000,105.380000,105.230000,105.300000,3.560000,0.034991
2026-05-16 23:00,101.740000,101.880000,101.730000,101.770000,105.300000,105.390000,105.260000,105.270000,3.500000,0.034391
2026-05-17 00:00,101.760000,101.770000,101.520000,101.750000,105.280000,105.280000,104.980000,105.200000,3.450000,0.033907
2026-05-17 01:00,101.750000,101.760000,101.470000,101.490000,105.200000,105.240000,104.870000,104.930000,3.440000,0.033895
2026-05-17 02:00,101.490000,101.910000,101.410000,101.720000,104.930000,105.280000,104.870000,105.140000,3.420000,0.033622
2026-05-17 03:00,101.720000,101.770000,101.570000,101.640000,105.140000,105.230000,104.980000,105.030000,3.390000,0.033353
2026-05-17 04:00,101.630000,101.660000,101.470000,101.480000,105.030000,105.060000,104.770000,104.780000,3.300000,0.032519
2026-05-17 05:00,101.470000,101.610000,101.290000,101.590000,104.780000,104.980000,104.650000,104.970000,3.380000,0.033271
2026-05-17 06:00,101.590000,101.650000,101.560000,101.600000,104.970000,105.060000,104.920000,104.990000,3.390000,0.033366
2026-05-17 07:00,101.600000,101.720000,101.330000,101.370000,105.000000,105.240000,104.840000,104.880000,3.510000,0.034626
2026-05-17 08:00,101.380000,101.640000,101.280000,101.570000,104.880000,105.130000,104.810000,105.050000,3.480000,0.034262
2026-05-17 09:00,101.570000,101.620000,101.430000,101.470000,105.060000,105.130000,105.000000,105.060000,3.590000,0.035380
2026-05-17 10:00,101.480000,101.570000,101.320000,101.460000,105.060000,105.070000,104.900000,105.040000,3.580000,0.035285
2026-05-17 11:00,101.460000,101.630000,101.380000,101.570000,105.040000,105.190000,104.950000,105.140000,3.570000,0.035148
2026-05-17 12:00,101.570000,101.860000,101.560000,101.790000,105.140000,105.600000,105.140000,105.460000,3.670000,0.036055
2026-05-17 13:00,101.800000,101.960000,101.790000,101.950000,105.460000,105.530000,105.430000,105.480000,3.530000,0.034625
2026-05-17 14:00,101.960000,102.080000,101.820000,102.000000,105.470000,105.870000,105.440000,105.680000,3.680000,0.036078
2026-05-17 15:00,102.000000,102.000000,101.800000,101.910000,105.690000,105.860000,105.570000,105.710000,3.800000,0.037288
2026-05-17 16:00,101.910000,102.070000,101.610000,101.660000,105.710000,106.030000,105.630000,105.670000,4.010000,0.039445
2026-05-17 17:00,101.660000,101.920000,101.650000,101.920000,105.640000,106.010000,105.640000,105.920000,4.000000,0.039246
2026-05-17 18:00,101.920000,101.980000,101.790000,101.920000,105.910000,105.970000,105.810000,105.860000,3.940000,0.038658
2026-05-17 19:00,101.910000,102.000000,101.510000,101.640000,105.860000,105.980000,105.640000,105.760000,4.120000,0.040535
2026-05-17 20:00,101.630000,102.040000,101.610000,102.020000,105.770000,106.230000,105.750000,106.100000,4.080000,0.039992
2026-05-17 21:00,102.010000,102.030000,101.390000,101.460000,106.110000,106.130000,105.740000,105.790000,4.330000,0.042677
2026-05-17 22:00,101.460000,102.840000,101.460000,102.270000,105.790000,106.800000,105.510000,105.950000,3.680000,0.035983
2026-05-17 23:00,102.270000,102.740000,102.260000,102.470000,105.950000,106.320000,105.920000,106.020000,3.550000,0.034644
2026-05-18 00:00,102.470000,103.200000,101.940000,102.980000,106.020000,106.630000,105.650000,106.400000,3.420000,0.033210
2026-05-18 01:00,102.960000,104.340000,102.650000,103.230000,106.370000,107.430000,106.050000,106.630000,3.400000,0.032936
2026-05-18 02:00,103.230000,103.630000,103.070000,103.210000,106.620000,107.030000,106.570000,106.640000,3.430000,0.033233
2026-05-18 03:00,103.190000,103.340000,103.040000,103.120000,106.670000,106.740000,106.510000,106.570000,3.450000,0.033456
2026-05-18 04:00,103.120000,103.280000,102.930000,103.070000,106.570000,106.710000,106.430000,106.590000,3.520000,0.034152
2026-05-18 05:00,103.070000,103.210000,102.490000,102.810000,106.600000,106.730000,105.930000,106.240000,3.430000,0.033363
2026-05-18 06:00,102.800000,103.380000,102.750000,102.830000,106.230000,106.790000,106.190000,106.240000,3.410000,0.033162
2026-05-18 07:00,102.820000,102.870000,101.530000,102.140000,106.240000,106.300000,105.020000,105.590000,3.450000,0.033777
2026-05-18 08:00,102.140000,102.380000,101.570000,101.780000,105.590000,105.970000,105.080000,105.460000,3.680000,0.036156
2026-05-18 09:00,101.770000,102.500000,101.670000,102.170000,105.450000,105.980000,105.350000,105.570000,3.400000,0.033278
2026-05-18 10:00,102.170000,102.470000,102.030000,102.450000,105.560000,106.100000,105.440000,106.060000,3.610000,0.035237
2026-05-18 11:00,102.410000,103.160000,100.070000,100.850000,106.060000,106.720000,104.050000,104.850000,4.000000,0.039663
2026-05-18 12:00,100.870000,101.530000,98.576000,99.030000,104.880000,105.550000,102.710000,103.350000,4.320000,0.043623
2026-05-18 13:00,99.033000,100.260000,98.958000,99.557000,103.370000,104.300000,103.230000,103.850000,4.293000,0.043121
2026-05-18 14:00,99.523000,102.270000,99.521000,102.140000,103.840000,105.790000,103.830000,105.670000,3.530000,0.034560
2026-05-18 15:00,102.160000,103.070000,102.000000,102.810000,105.650000,106.600000,105.500000,106.410000,3.600000,0.035016
2026-05-18 16:00,102.780000,103.580000,102.650000,102.850000,106.400000,107.050000,106.250000,106.410000,3.560000,0.034614
2026-05-18 17:00,102.870000,103.050000,102.130000,102.990000,106.420000,106.570000,105.710000,106.360000,3.370000,0.032722
2026-05-18 18:00,102.970000,105.070000,102.970000,104.570000,106.420000,108.110000,106.410000,107.630000,3.060000,0.029263
2026-05-18 19:00,104.590000,104.700000,101.370000,101.950000,107.640000,107.800000,104.400000,104.880000,2.930000,0.028740
2026-05-18 20:00,101.940000,102.570000,101.060000,102.480000,104.870000,105.130000,103.930000,105.060000,2.580000,0.025176
2026-05-18 21:00,102.470000,102.520000,101.840000,102.300000,105.040000,105.430000,105.030000,105.310000,3.010000,0.029423
2026-05-18 22:00,102.290000,102.630000,102.100000,102.440000,105.310000,105.410000,104.610000,105.020000,2.580000,0.025185
2026-05-18 23:00,102.430000,102.460000,102.200000,102.260000,105.020000,105.050000,104.790000,104.820000,2.560000,0.025034
2026-05-19 00:00,102.280000,102.700000,102.130000,102.400000,104.860000,105.270000,104.830000,105.000000,2.600000,0.025391
2026-05-19 01:00,102.380000,102.940000,102.200000,102.460000,104.990000,105.600000,104.990000,105.130000,2.670000,0.026059
2026-05-19 02:00,102.470000,102.530000,102.390000,102.410000,105.120000,105.200000,105.070000,105.080000,2.670000,0.026072
